event_id,label,score,prediction
UCI327-05360,1,0.09175581336609816,0
UCI327-06233,1,0.47688299469347856,0
UCI327-02638,1,0.6169695424879916,1
UCI327-06175,1,0.24642990413628452,0
UCI327-00248,1,0.2780316665430288,0
UCI327-05196,1,0.42049540125521645,0
UCI327-01126,1,0.09907925319129664,0
UCI327-06410,1,0.10748144848111048,0
UCI327-01138,1,0.37255082880082885,0
UCI327-05693,1,0.5817865314575398,1
UCI327-09265,1,0.20990146930698153,0
UCI327-09617,1,0.46148129452213305,0
UCI327-10169,1,0.4920456349190149,0
UCI327-07460,1,0.09661440838913947,0
UCI327-08622,1,0.10188381475654545,0
UCI327-00878,1,0.6119897728023396,1
UCI327-10180,1,0.5412829290748019,1
UCI327-08365,1,0.06424920438995206,0
UCI327-10164,1,0.5339735149110149,1
UCI327-04637,1,0.25520443209914245,0
UCI327-00226,1,0.6050394317726736,1
UCI327-00933,1,0.20469543495456854,0
UCI327-08489,1,0.44823735803421805,0
UCI327-02074,1,0.06643929495663817,0
UCI327-03503,1,0.5861362091546584,1
UCI327-05907,1,0.23894476275394128,0
UCI327-07663,1,0.025874524489180973,0
UCI327-08772,1,0.40597117222574247,0
UCI327-08829,1,0.5826224390648121,1
UCI327-01646,1,0.20061035308611158,0
UCI327-02477,1,0.506885720686124,1
UCI327-10008,1,0.5139298353088901,1
UCI327-05963,1,0.11716292517244645,0
UCI327-05264,1,0.15242052738698708,0
UCI327-00097,1,0.5473191738816737,1
UCI327-00144,1,0.5962915981298333,1
UCI327-01454,1,0.6049852877115984,1
UCI327-08599,1,0.05318860002078027,0
UCI327-05151,1,0.5676100288600289,1
UCI327-03075,1,0.19291858852626434,0
UCI327-00768,1,0.5374761050999554,1
UCI327-00197,1,0.48893730135335034,0
UCI327-02990,1,0.27507497720621016,0
UCI327-05165,1,0.1269362118606846,0
UCI327-00687,1,0.6248418053681212,1
UCI327-06162,1,0.5630300306777873,1
UCI327-00656,1,0.22674440942859617,0
UCI327-08264,1,0.526670860309345,1
UCI327-05328,1,0.5577529761904761,1
UCI327-06996,1,0.19096283490207625,0
UCI327-00723,1,0.577063241296483,1
UCI327-06219,1,0.55307601542109,1
UCI327-01804,1,0.25620109592650403,0
UCI327-05754,1,0.5509144348264108,1
UCI327-01451,1,0.5210257335257336,1
UCI327-07244,1,0.5046725292925539,1
UCI327-03081,1,0.5693127799800751,1
UCI327-06886,1,0.5683252164502164,1
UCI327-09522,1,0.10622313431446342,0
UCI327-05900,1,0.4131492969712279,0
UCI327-08651,1,0.09736159952438687,0
UCI327-05288,1,0.21720642596321213,0
UCI327-00839,1,0.5215620648844332,1
UCI327-09059,1,0.5478505029280284,1
UCI327-09804,1,0.5563211234534763,1
UCI327-05247,1,0.15638033226569903,0
UCI327-03538,1,0.599867787251677,1
UCI327-09156,1,0.45311095215000996,0
UCI327-06166,1,0.4295128713878714,0
UCI327-05569,1,0.3042458223494503,0
UCI327-06520,1,0.5077376613289799,1
UCI327-09703,1,0.15930148956664097,0
UCI327-01358,1,0.28544422036917244,0
UCI327-05475,1,0.1883793840896259,0
UCI327-09701,1,0.5176793386541573,1
UCI327-00846,1,0.06569221685947736,0
UCI327-05793,1,0.5697724266474267,1
UCI327-09697,1,0.5506018518518518,1
UCI327-06193,1,0.5766013462723546,1
UCI327-01094,1,0.513009353217058,1
UCI327-10851,1,0.5083325923744652,1
UCI327-07088,1,0.4443191761941762,0
UCI327-05714,1,0.6173002303186796,1
UCI327-07787,1,0.08399057539270897,0
UCI327-00418,1,0.15613643203264688,0
UCI327-10892,1,0.5221060545886222,1
UCI327-05646,1,0.23700654697040469,0
UCI327-00218,1,0.0736174830779671,0
UCI327-06876,1,0.18411894002643583,0
UCI327-09116,1,0.140675753175758,0
UCI327-05131,1,0.2223807338607195,0
UCI327-02034,1,0.5803571428571428,1
UCI327-07692,1,0.21995180200737502,0
UCI327-10558,1,0.06083066299412359,0
UCI327-00444,1,0.5936214209939611,1
UCI327-10344,1,0.5307632563514917,1
UCI327-00676,1,0.595917955899596,1
UCI327-01443,1,0.485790437579744,0
UCI327-08192,1,0.5505180277239101,1
UCI327-06857,1,0.1656718862082659,0
UCI327-08880,1,0.5271874570839298,1
UCI327-02526,1,0.5473630697218159,1
UCI327-05469,1,0.11195207311686564,0
UCI327-02084,1,0.5646427591616852,1
UCI327-06599,1,0.40836913624399007,0
UCI327-05504,1,0.5665044584798352,1
UCI327-06850,1,0.49693334443334436,0
UCI327-03136,1,0.25780373433265724,0
UCI327-00225,1,0.07685812923595743,0
UCI327-06348,1,0.5977502497256264,1
UCI327-06029,1,0.12880543374215842,0
UCI327-01364,1,0.13175504476946048,0
UCI327-06806,1,0.16644434171478414,0
UCI327-05967,1,0.23201811049020335,0
UCI327-09893,1,0.5927079563613394,1
UCI327-09816,1,0.5452915887159581,1
UCI327-09222,1,0.5719066540757717,1
UCI327-08170,1,0.16753482917120338,0
UCI327-07597,1,0.5741848544973546,1
UCI327-05933,1,0.5857583648761605,1
UCI327-06590,1,0.3600499694293708,0
UCI327-05394,1,0.266851056759308,0
UCI327-05505,1,0.5945716070523029,1
UCI327-05384,1,0.5944572266809983,1
UCI327-00658,1,0.5542358597374615,1
UCI327-00223,1,0.48904141201935314,0
UCI327-00519,1,0.5573172380261936,1
UCI327-07389,1,0.6028123477930435,1
UCI327-09173,1,0.5120658020658022,1
UCI327-09108,1,0.5472204041654734,1
UCI327-07501,1,0.5416262938366379,1
UCI327-06415,1,0.2676515588360228,0
UCI327-02593,1,0.5967818061568063,1
UCI327-10733,1,0.20990146930698153,0
UCI327-09678,1,0.1263611070279683,0
UCI327-08770,1,0.44823735803421805,0
UCI327-09212,1,0.5441416598631619,1
UCI327-02911,1,0.5148977876604187,1
UCI327-06933,1,0.5654468221164404,1
UCI327-06705,1,0.5904935594055355,1
UCI327-10463,1,0.5142815884741609,1
UCI327-06218,1,0.5836585995623536,1
UCI327-07565,1,0.5366269841269842,1
UCI327-06154,1,0.5662713001867414,1
UCI327-01060,1,0.5223083213083212,1
UCI327-07314,1,0.15439177933282242,0
UCI327-06243,1,0.6285733882971599,1
UCI327-01850,1,0.5650667323023291,1
UCI327-08516,1,0.45006968725718716,0
UCI327-09909,1,0.20269422019217412,0
UCI327-02768,1,0.1115024958635319,0
UCI327-01098,1,0.5168691560156116,1
UCI327-06180,1,0.6098294905509926,1
UCI327-09903,1,0.2924503669517092,0
UCI327-08167,1,0.12275858243636333,0
UCI327-06287,1,0.3842112761036188,0
UCI327-05950,1,0.5005276461057929,1
UCI327-08397,1,0.4526366375998729,0
UCI327-09802,1,0.6060682274574197,1
UCI327-08917,1,0.61085887387297,1
UCI327-07789,1,0.5102773307846836,1
UCI327-02690,1,0.505330796324874,1
UCI327-10398,1,0.5925041199962534,1
UCI327-00132,1,0.11713605910513653,0
UCI327-06604,1,0.213868294226819,0
UCI327-08807,1,0.472693845123263,0
UCI327-08801,1,0.4781820365313827,0
UCI327-10831,1,0.20166349966268804,0
UCI327-08873,1,0.5888308631793958,1
UCI327-10309,1,0.12948845581542937,0
UCI327-06258,1,0.6036854887674559,1
UCI327-10589,1,0.6006890583510345,1
UCI327-09956,1,0.6156079560347189,1
UCI327-09345,1,0.4666656187034159,0
UCI327-06480,1,0.6163272527910685,1
UCI327-01562,1,0.5257992123617122,1
UCI327-01806,1,0.361253258262882,0
UCI327-00896,1,0.25707256647615745,0
UCI327-02804,1,0.09004269398083528,0
UCI327-05386,1,0.4753442771825125,0
UCI327-01265,1,0.6003040917354148,1
UCI327-09104,1,0.04333228104304928,0
UCI327-06858,1,0.5738910700213892,1
UCI327-02590,1,0.4422957397861518,0
UCI327-01478,1,0.558387059694893,1
UCI327-00992,1,0.15373433391083324,0
UCI327-02714,1,0.5363490706006723,1
UCI327-00557,1,0.5199400795269828,1
UCI327-09134,1,0.526838048934528,1
UCI327-05641,1,0.6284944130284179,1
UCI327-05467,1,0.13455941008643163,0
UCI327-05206,1,0.15050674996427704,0
UCI327-04005,1,0.5810903955457198,1
UCI327-06966,1,0.41992693478019566,0
UCI327-05356,1,0.5468055555555555,1
UCI327-08823,1,0.21046110861891792,0
UCI327-07489,1,0.4204290367660212,0
UCI327-02573,1,0.5460463372656267,1
UCI327-03561,1,0.2692966620206667,0
UCI327-09090,1,0.5390402982906178,1
UCI327-07340,1,0.4893749150890891,0
UCI327-08545,1,0.47671745744702854,0
UCI327-07191,1,0.4763406084656084,0
UCI327-08806,1,0.38216824944602484,0
UCI327-01095,1,0.5671965452847805,1
UCI327-01014,1,0.6017639181944091,1
UCI327-01167,1,0.4186366088833193,0
UCI327-06943,1,0.24008367441411776,0
UCI327-09960,1,0.5687400807849838,1
UCI327-06941,1,0.5859435693810694,1
UCI327-10099,1,0.3768659812409812,0
UCI327-07499,1,0.6227762727212364,1
UCI327-07810,1,0.5922686953569306,1
UCI327-09920,1,0.1796460068370943,0
UCI327-07225,1,0.1885109459797965,0
UCI327-10762,1,0.5347814229699674,1
UCI327-09194,1,0.2426982144330994,0
UCI327-06940,1,0.5481662553351839,1
UCI327-00063,1,0.1832945634580357,0
UCI327-08969,1,0.5090637977887692,1
UCI327-08852,1,0.21046110861891792,0
UCI327-00209,1,0.5376722850856515,1
UCI327-10360,1,0.4118575678134501,0
UCI327-10380,1,0.4988139818999723,0
UCI327-08586,1,0.08416787465017966,0
UCI327-01162,1,0.3939282637883563,0
UCI327-09429,1,0.05775516085497382,0
UCI327-08450,1,0.5405484731553069,1
UCI327-05221,1,0.25910840543056307,0
UCI327-09908,1,0.5517149373913406,1
UCI327-00532,1,0.6219298599483092,1
UCI327-09375,1,0.24280477856754853,0
UCI327-07715,1,0.6003504736344785,1
UCI327-07259,1,0.2528225627605655,0
UCI327-06164,1,0.46346104528999266,0
UCI327-06147,1,0.061964452936237265,0
UCI327-07289,1,0.6184105836893377,1
UCI327-10620,1,0.5679649904428642,1
UCI327-09970,1,0.4633705234568406,0
UCI327-09529,1,0.4355382701610743,0
UCI327-06925,1,0.5829966374519617,1
UCI327-09776,1,0.07043244201167603,0
UCI327-02433,1,0.4154108399016866,0
UCI327-00533,1,0.5957384576340367,1
UCI327-07652,1,0.1449305170185519,0
UCI327-11018,1,0.5439938634175301,1
UCI327-06323,1,0.5687285701634625,1
UCI327-10883,1,0.05845851210111755,0
UCI327-00710,1,0.5400632441939093,1
UCI327-08889,1,0.34404592577826276,0
UCI327-08360,1,0.08107584045109172,0
UCI327-01993,1,0.4679591300591445,0
UCI327-07336,1,0.44898392205082344,0
UCI327-02396,1,0.6096429590602542,1
UCI327-09670,1,0.029354536108088455,0
UCI327-09876,1,0.2602350534469771,0
UCI327-03055,1,0.38866172777257685,0
UCI327-01170,1,0.5704295051353874,1
UCI327-10022,1,0.0703722819788574,0
UCI327-02693,1,0.4987723043596883,0
UCI327-09225,1,0.5766013462723546,1
UCI327-05316,1,0.05625615695905143,0
UCI327-01022,1,0.5183720963132729,1
UCI327-10515,1,0.5971425296146983,1
UCI327-10714,1,0.5078047290170784,1
UCI327-01629,1,0.19947636370780125,0
UCI327-01942,1,0.4945355748537911,0
UCI327-07915,1,0.5881863929146537,1
UCI327-06951,1,0.5556543728602553,1
UCI327-01339,1,0.1369053778233926,0
UCI327-02769,1,0.5594841269841271,1
UCI327-06755,1,0.4123363554786982,0
UCI327-05654,1,0.5831835308182615,1
UCI327-01566,1,0.15403950618901255,0
UCI327-05738,1,0.5822000326252376,1
UCI327-03007,1,0.17511215082119233,0
UCI327-08595,1,0.5455184359881731,1
UCI327-02678,1,0.3774271104155952,0
UCI327-04683,1,0.6032624796472101,1
UCI327-08529,1,0.5156438568119557,1
UCI327-10461,1,0.5383318924535356,1
UCI327-06002,1,0.5231568771886665,1
UCI327-00315,1,0.6097975963108866,1
UCI327-05556,1,0.5566341983771892,1
UCI327-10286,1,0.02102160590972073,0
UCI327-06043,1,0.393016295743891,0
UCI327-09219,1,0.4052741180273004,0
UCI327-10500,1,0.14944933371349647,0
UCI327-10476,1,0.6224758945098993,1
UCI327-09569,1,0.5889650528542452,1
UCI327-08528,1,0.6063033000912582,1
UCI327-00034,1,0.5398541334062951,1
UCI327-06845,1,0.20937394854223434,0
UCI327-05472,1,0.5766607309160501,1
UCI327-08240,1,0.20039367740927144,0
UCI327-02224,1,0.17782345359348065,0
UCI327-03544,1,0.5317407708032708,1
UCI327-00806,1,0.5750297619047618,1
UCI327-01874,1,0.5642194529326882,1
UCI327-05913,1,0.6157500272260418,1
UCI327-06901,1,0.05593777568001136,0
UCI327-09177,1,0.42514681420948125,0
UCI327-03646,1,0.09726322451857561,0
UCI327-08656,1,0.6130399589169582,1
UCI327-05863,1,0.5918640890699715,1
UCI327-02805,1,0.1665498497257928,0
UCI327-08398,1,0.06086119708143519,0
UCI327-05515,1,0.10532560681038755,0
UCI327-03005,1,0.5228335980455013,1
UCI327-07268,1,0.4349040304887052,0
UCI327-08795,1,0.61085887387297,1
UCI327-09604,1,0.05510557051703815,0
UCI327-05232,1,0.5959532828282827,1
UCI327-06833,1,0.24659206947271747,0
UCI327-00622,1,0.524127773385429,1
UCI327-09972,1,0.050477923886364635,0
UCI327-10868,1,0.2923989431285101,0
UCI327-00868,1,0.12609913584600843,0
UCI327-09367,1,0.5157155156074908,1
UCI327-05618,1,0.47198322918911156,0
UCI327-06109,1,0.2816657616476904,0
UCI327-08497,1,0.09577295315483587,0
UCI327-00912,1,0.5863834126334126,1
UCI327-05945,1,0.5501074608986168,1
UCI327-00368,1,0.522833403559311,1
UCI327-00931,1,0.4577322739879903,0
UCI327-05156,1,0.1023769225908631,0
UCI327-00786,1,0.11229006823828523,0
UCI327-09170,1,0.6054183119068562,1
UCI327-01512,1,0.24366240938001144,0
UCI327-00476,1,0.5237438194974959,1
UCI327-06000,1,0.6239845390205853,1
UCI327-01979,1,0.15576049848055806,0
UCI327-07834,1,0.6224656376003682,1
UCI327-01029,1,0.29823857640683654,0
UCI327-09132,1,0.46148129452213305,0
UCI327-02654,1,0.4996285156553446,0
UCI327-08862,1,0.5004793526825952,1
UCI327-08935,1,0.19822878915992614,0
UCI327-00246,1,0.0838363890416031,0
UCI327-05656,1,0.21950878150470063,0
UCI327-09000,1,0.3491469759491,0
UCI327-00714,1,0.4880997020681843,0
UCI327-06624,1,0.4093816347964847,0
UCI327-00481,1,0.5026138927793339,1
UCI327-03308,1,0.5320973044820251,1
UCI327-06406,1,0.18813425762287886,0
UCI327-06642,1,0.09241853107091662,0
UCI327-08752,1,0.040779366315959346,0
UCI327-09871,1,0.5958461155698873,1
UCI327-08071,1,0.13430248942887066,0
UCI327-05405,1,0.1423489474863732,0
UCI327-02606,1,0.12519279038796277,0
UCI327-07229,1,0.20489509566427,0
UCI327-10311,1,0.5091821845137061,1
UCI327-02567,1,0.4710452279202278,0
UCI327-06314,1,0.5412829290748019,1
UCI327-05581,1,0.04776653738111309,0
UCI327-06042,1,0.14519346683770423,0
UCI327-08654,1,0.5391995957414686,1
UCI327-07889,1,0.4556423992673993,0
UCI327-07039,1,0.5237570589660558,1
UCI327-06841,1,0.4562994549242006,0
UCI327-02456,1,0.5828560226782533,1
UCI327-05949,1,0.529988398820366,1
UCI327-07407,1,0.13237150680353954,0
UCI327-00164,1,0.558053851193386,1
UCI327-05676,1,0.1885109459797965,0
UCI327-05147,1,0.5473358933737429,1
UCI327-10637,1,0.5872482319720035,1
UCI327-10348,1,0.5199298310306408,1
UCI327-08366,1,0.4742632080392265,0
UCI327-07833,1,0.5768397491800489,1
UCI327-00012,1,0.6033769136556676,1
UCI327-00977,1,0.5799266039563354,1
UCI327-07028,1,0.6178360079707386,1
UCI327-06385,1,0.5440607068525796,1
UCI327-00093,1,0.5415203949441347,1
UCI327-05636,1,0.22073691388474367,0
UCI327-00879,1,0.14232283284341724,0
UCI327-08249,1,0.5218186231453494,1
UCI327-05231,1,0.5599143777075735,1
UCI327-06446,1,0.15348259709566253,0
UCI327-07334,1,0.4698068978951332,0
UCI327-00859,1,0.5623756297481698,1
UCI327-02608,1,0.5487731481481481,1
UCI327-05308,1,0.5987762135984442,1
UCI327-10635,1,0.5551518739838411,1
UCI327-00584,1,0.5899743225681797,1
UCI327-01915,1,0.5900293908371419,1
UCI327-00086,1,0.10081767828636289,0
UCI327-06210,1,0.5874898051426047,1
UCI327-08223,1,0.1050386863746512,0
UCI327-07589,1,0.5932667504905221,1
UCI327-06464,1,0.5662550810894864,1
UCI327-10436,1,0.5210870944811835,1
UCI327-09907,1,0.4302403410859294,0
UCI327-00116,1,0.3301420907294402,0
UCI327-09240,1,0.2433735109625172,0
UCI327-06379,1,0.5571515247296444,1
UCI327-02908,1,0.5867585392576877,1
UCI327-08092,1,0.47454675950705727,0
UCI327-10393,1,0.10708150242861497,0
UCI327-10076,1,0.5177785031685287,1
UCI327-00942,1,0.13046427679669656,0
UCI327-10817,1,0.5383318924535356,1
UCI327-06352,1,0.5649692530760916,1
UCI327-01996,1,0.5594245825035299,1
UCI327-00918,1,0.21131384886716897,0
UCI327-06919,1,0.46026867123869025,0
UCI327-10638,1,0.60748240832013,1
UCI327-00042,1,0.5599717979434959,1
UCI327-06694,1,0.5635463557859567,1
UCI327-07844,1,0.23585701589609714,0
UCI327-06214,1,0.6029740970058864,1
UCI327-01196,1,0.549413697520536,1
UCI327-06161,1,0.5865168641515947,1
UCI327-09358,1,0.5093301438773358,1
UCI327-02645,1,0.5634028596825742,1
UCI327-07979,1,0.2939263138496016,0
UCI327-09344,1,0.5231991406497933,1
UCI327-06311,1,0.44550249881373316,0
UCI327-08379,1,0.49110323278161244,0
UCI327-09653,1,0.58054565943039,1
UCI327-08573,1,0.11850566068970442,0
UCI327-00576,1,0.20430771416452523,0
UCI327-05710,1,0.44568229956736716,0
UCI327-10195,1,0.5181224469728236,1
UCI327-07364,1,0.5741270040023958,1
UCI327-08364,1,0.016028655198670184,0
UCI327-02617,1,0.30372006143076447,0
UCI327-10017,1,0.4274508813442887,0
UCI327-03596,1,0.5581227312670698,1
UCI327-07712,1,0.609971752878613,1
UCI327-11021,1,0.5404484870929139,1
UCI327-07205,1,0.5930688849861803,1
UCI327-10981,1,0.3276882260260149,0
UCI327-00334,1,0.46640787249243126,0
UCI327-01851,1,0.46097540747562804,0
UCI327-05977,1,0.530305050341815,1
UCI327-05555,1,0.4898166839199448,0
UCI327-06526,1,0.47798109169239206,0
UCI327-03191,1,0.6022558857414827,1
UCI327-07307,1,0.21898431758041473,0
UCI327-08301,1,0.477702590209738,0
UCI327-07359,1,0.23552173194294995,0
UCI327-09589,1,0.49578814095684154,0
UCI327-01999,1,0.12554871998706613,0
UCI327-07517,1,0.6085620988408528,1
UCI327-10150,1,0.09501089662042418,0
UCI327-01241,1,0.5845511317386317,1
UCI327-08236,1,0.5448323795120129,1
UCI327-01225,1,0.1804446401604295,0
UCI327-00100,1,0.28702817944252773,0
UCI327-10124,1,0.1080005818663944,0
UCI327-10704,1,0.2672971879976759,0
UCI327-07361,1,0.05135287459406119,0
UCI327-03110,1,0.6132172030537072,1
UCI327-00009,1,0.21658529581942718,0
UCI327-01419,1,0.23258523672926815,0
UCI327-06946,1,0.28839398475334305,0
UCI327-06937,1,0.6284342969582304,1
UCI327-06222,1,0.5967565524942574,1
UCI327-01334,1,0.185572008226128,0
UCI327-09906,1,0.6224758945098993,1
UCI327-02765,1,0.5276029645384485,1
UCI327-09959,1,0.5285027712571726,1
UCI327-07755,1,0.5687945919341268,1
UCI327-07607,1,0.5650852272727273,1
UCI327-07511,1,0.5511968011128502,1
UCI327-00157,1,0.5404254944531872,1
UCI327-00477,1,0.5494214441738823,1
UCI327-00906,1,0.5741170634920635,1
UCI327-05665,1,0.5665231740038696,1
UCI327-09718,1,0.47079122294642006,0
UCI327-02041,1,0.49622500389044505,0
UCI327-06281,1,0.48204889157008657,0
UCI327-05285,1,0.021576326400616203,0
UCI327-08835,1,0.5581102693602695,1
UCI327-00831,1,0.5795197771136343,1
UCI327-00281,1,0.5757509683659077,1
UCI327-02029,1,0.5499911813632837,1
UCI327-03264,1,0.12868523365858303,0
UCI327-01896,1,0.565391582400537,1
UCI327-03148,1,0.50784007708001,1
UCI327-01125,1,0.3861341664283459,0
UCI327-08842,1,0.45119552596471474,0
UCI327-09273,1,0.15477996489742082,0
UCI327-07086,1,0.5752065527065526,1
UCI327-02512,1,0.10298845872645021,0
UCI327-07410,1,0.6040759944950448,1
UCI327-00311,1,0.5662916172742795,1
UCI327-10279,1,0.47429004530372476,0
UCI327-06321,1,0.5417732730232729,1
UCI327-10512,1,0.10640501051758378,0
UCI327-02550,1,0.5884695074572884,1
UCI327-06889,1,0.5359242645589851,1
UCI327-05283,1,0.05787588059124211,0
UCI327-01981,1,0.2118157881397736,0
UCI327-00105,1,0.20772337129497817,0
UCI327-08753,1,0.14859346359405987,0
UCI327-05534,1,0.19316350664172252,0
UCI327-08538,1,0.5139298353088901,1
UCI327-07784,1,0.5761480144658335,1
UCI327-05538,1,0.23700654697040469,0
UCI327-02614,1,0.4904468654966482,0
UCI327-06126,1,0.5586183355356307,1
UCI327-10720,1,0.5048015120026507,1
UCI327-07426,1,0.5345301344461836,1
UCI327-03425,1,0.25877266544464306,0
UCI327-08597,1,0.3543974432172309,0
UCI327-02998,1,0.5813230994152047,1
UCI327-09200,1,0.44529967535055903,0
UCI327-05338,1,0.5553866537864401,1
UCI327-01193,1,0.577102822623044,1
UCI327-02572,1,0.48199870731120736,0
UCI327-01588,1,0.6158771358692693,1
UCI327-01220,1,0.5862884224133003,1
UCI327-01065,1,0.6284944130284179,1
UCI327-07358,1,0.24757272603698233,0
UCI327-09724,1,0.5977502497256264,1
UCI327-05546,1,0.15070694757566871,0
UCI327-01392,1,0.5638871845267196,1
UCI327-00953,1,0.49313630157178545,0
UCI327-08855,1,0.45123868782293197,0
UCI327-01240,1,0.5784734143771683,1
UCI327-10216,1,0.3270315255731922,0
UCI327-05660,1,0.22611872773722605,0
UCI327-00549,1,0.570796121778784,1
UCI327-09666,1,0.41853262725195745,0
UCI327-00319,1,0.2027313690222593,0
UCI327-01583,1,0.12952340627909129,0
UCI327-05825,1,0.5780812590187591,1
UCI327-05243,1,0.14864986534013977,0
UCI327-06054,1,0.5356943312250372,1
UCI327-05852,1,0.5238772877092549,1
UCI327-07082,1,0.11226845396649106,0
UCI327-05591,1,0.26772839329352277,0
UCI327-01477,1,0.1365445074455827,0
UCI327-02096,1,0.1080980879203625,0
UCI327-07349,1,0.582853835978836,1
UCI327-00624,1,0.5019939390895274,1
UCI327-00109,1,0.13171009330835617,0
UCI327-01404,1,0.1262457847499469,0
UCI327-09607,1,0.5961308055331483,1
UCI327-06132,1,0.5775477975284934,1
UCI327-05129,1,0.20925781992989587,0
UCI327-09183,1,0.5639154504331008,1
UCI327-00278,1,0.1331510827456634,0
UCI327-05751,1,0.5833750258557215,1
UCI327-03079,1,0.04106062272879658,0
UCI327-02154,1,0.2259549446630346,0
UCI327-00650,1,0.1272778995647076,0
UCI327-09512,1,0.4665816653307795,0
UCI327-08819,1,0.43610842893484125,0
UCI327-00728,1,0.472693845123263,0
UCI327-08871,1,0.5190752293609753,1
UCI327-06374,1,0.5760971771938751,1
UCI327-01254,1,0.5992081139831746,1
UCI327-05281,1,0.5991639599016648,1
UCI327-09826,1,0.5636352454651997,1
UCI327-00421,1,0.6310189550308678,1
UCI327-01291,1,0.17133949916192334,0
UCI327-08809,1,0.15613643203264688,0
UCI327-09856,1,0.4980703723227864,0
UCI327-01954,1,0.5439938634175301,1
UCI327-07206,1,0.5388377548228828,1
UCI327-06678,1,0.48938631772997093,0
UCI327-05786,1,0.538522742138388,1
UCI327-08729,1,0.4333913102662678,0
UCI327-08785,1,0.5006522171940899,1
UCI327-08481,1,0.1563994072172316,0
UCI327-00735,1,0.5412037037037037,1
UCI327-00107,1,0.4565159330704213,0
UCI327-00467,1,0.5201782825943316,1
UCI327-10414,1,0.41321623093681914,0
UCI327-02403,1,0.4473686445208437,0
UCI327-08499,1,0.2245718869200221,0
UCI327-10435,1,0.526245139008546,1
UCI327-10696,1,0.5709282458211486,1
UCI327-07942,1,0.22437702076025517,0
UCI327-01011,1,0.3346474882068105,0
UCI327-06095,1,0.2528225627605655,0
UCI327-06502,1,0.43046540353230495,0
UCI327-05677,1,0.1655174989821483,0
UCI327-00129,1,0.26372777161001,0
UCI327-01110,1,0.4936286630036629,0
UCI327-03186,1,0.5544244528619529,1
UCI327-06968,1,0.1447005213019953,0
UCI327-01432,1,0.25565324981493315,0
UCI327-05989,1,0.19096283490207625,0
