measurement_id,event_id,label,score,prediction
0,UCI327-05744,1,0.7476763041090957,1
1,UCI327-08188,1,0.8763898500227538,1
2,UCI327-07588,1,0.9147326147515561,1
3,UCI327-06097,1,0.8400773707403424,1
4,UCI327-02271,1,0.9805261747470114,1
5,UCI327-05630,0,0.07993649907880311,0
6,UCI327-09689,0,0.26286774112785855,0
7,UCI327-00380,0,0.10314220868261509,0
8,UCI327-08121,0,0.04847644125045002,0
9,UCI327-01360,1,0.7174378837757189,1
10,UCI327-06816,1,0.6317684798507499,1
11,UCI327-08720,1,0.9031473681202079,1
12,UCI327-08914,0,0.10952497282709169,0
13,UCI327-10213,0,0.1307352556495482,0
14,UCI327-00095,1,0.9876154758125192,1
15,UCI327-08951,0,0.05915508639223054,0
16,UCI327-06165,1,0.9938532250829237,1
17,UCI327-07485,1,0.57694149354801,1
18,UCI327-01268,0,0.01487753805028149,0
19,UCI327-06428,0,0.05283079934707051,0
20,UCI327-01752,0,0.09749547377949339,0
21,UCI327-10269,1,0.9260563869153124,1
22,UCI327-10057,1,0.6429114857274574,1
23,UCI327-09174,1,0.890491685374925,1
24,UCI327-02525,1,0.7717549029695615,1
25,UCI327-08892,0,0.025941345128797456,0
26,UCI327-00962,0,0.3415569040471605,0
27,UCI327-02502,0,0.022421614825729668,0
28,UCI327-10540,0,0.030994591145566283,0
29,UCI327-01930,0,0.13380862193362192,0
30,UCI327-00660,1,0.9105694354779293,1
31,UCI327-10992,1,0.9816208718800127,1
32,UCI327-03606,1,0.9607249624441453,1
33,UCI327-10639,1,0.9074286830054519,1
34,UCI327-01056,1,0.981207964295032,1
35,UCI327-05771,0,0.01766870412085455,0
36,UCI327-09066,0,0.11986009871375299,0
37,UCI327-07401,0,0.058960089173624546,0
38,UCI327-10262,1,0.9757568377521645,1
39,UCI327-00263,0,0.16162616623761633,0
40,UCI327-01302,1,0.988404442245588,1
41,UCI327-02160,1,0.6590133620130031,1
42,UCI327-10722,1,0.940985331282999,1
43,UCI327-00251,1,0.9846716509404254,1
44,UCI327-02986,1,0.833120473939426,1
45,UCI327-01521,1,0.8733757395119012,1
46,UCI327-10354,1,0.9757389400991928,1
47,UCI327-10865,1,0.9919948169926518,1
48,UCI327-06888,1,0.9586324024594063,1
49,UCI327-00374,1,0.9425170760782255,1
50,UCI327-05365,0,0.07239803563770993,0
51,UCI327-10491,0,0.03137180306881329,0
52,UCI327-10324,0,0.07810273980999333,0
53,UCI327-10240,1,0.977230559078855,1
54,UCI327-08016,1,0.9902095584248762,1
55,UCI327-05972,1,0.8352700381450379,1
56,UCI327-08404,1,0.6527413673296181,1
57,UCI327-00291,0,0.16235081980545807,0
58,UCI327-06064,1,0.8539816160147576,1
59,UCI327-05314,1,0.9453131463621035,1
60,UCI327-06290,0,0.03197681060011716,0
61,UCI327-06049,1,0.8429087073731801,1
62,UCI327-01141,1,0.7695051456061209,1
63,UCI327-08891,0,0.0075895741169094925,0
64,UCI327-05329,0,0.10357556652383207,0
65,UCI327-08391,0,0.05432588373261506,0
66,UCI327-05480,0,0.30771685204973637,0
67,UCI327-02880,0,0.014168677822998316,0
68,UCI327-07066,1,0.9317949791098434,1
69,UCI327-05383,1,0.9956760531570693,1
70,UCI327-06047,0,0.09338128430183996,0
71,UCI327-08941,0,0.37770121627118486,0
72,UCI327-02749,1,0.8841745231692509,1
73,UCI327-05878,1,0.9929125269174551,1
74,UCI327-02616,1,0.8544994516447626,1
75,UCI327-09360,0,0.13228428023584565,0
76,UCI327-06031,0,0.08945242484432184,0
77,UCI327-00468,0,0.041874342154690575,0
78,UCI327-00331,0,0.19274665619107742,0
79,UCI327-10668,1,0.9787465566789147,1
80,UCI327-00207,0,0.0610788350392243,0
81,UCI327-00959,0,0.13908063088637393,0
82,UCI327-05509,0,0.025445974992687293,0
83,UCI327-01300,1,0.854299060671953,1
84,UCI327-09306,1,0.9918072361690842,1
85,UCI327-09357,1,0.8937715846667581,1
86,UCI327-07355,0,0.1209829845529711,0
87,UCI327-06880,1,0.7794501874659158,1
88,UCI327-07547,0,0.012165069975131266,0
89,UCI327-06598,1,0.9911893120534212,1
90,UCI327-00259,0,0.11516571568163214,0
91,UCI327-08208,0,0.02118498029997821,0
92,UCI327-09710,1,0.963336073344432,1
93,UCI327-05682,0,0.025266985091227816,0
94,UCI327-05812,0,0.0532248222186586,0
95,UCI327-02344,1,0.990307230450481,1
96,UCI327-06088,0,0.12228907915554624,0
97,UCI327-06357,0,0.08855886184883867,0
98,UCI327-07855,1,0.9813299935756717,1
99,UCI327-10058,0,0.0024631890998028164,0
100,UCI327-05198,0,0.30612538567771536,0
101,UCI327-02027,0,0.04935564112180497,0
102,UCI327-02726,0,0.07095208124943429,0
103,UCI327-02488,0,0.0322912238210479,0
104,UCI327-06202,1,0.9694959544091896,1
105,UCI327-05274,0,0.14359610678224535,0
106,UCI327-08206,1,0.8038669725858922,1
107,UCI327-01262,1,0.9745899314283918,1
108,UCI327-02543,1,0.9929300660260675,1
109,UCI327-01350,0,0.13549675466923772,0
110,UCI327-06454,1,0.8253229657802863,1
111,UCI327-03997,1,0.9756880950202513,1
112,UCI327-08718,1,0.9397463628962028,1
113,UCI327-05948,0,0.0532626003195142,0
114,UCI327-06282,1,0.739466152105764,1
115,UCI327-03057,1,0.9051508647920556,1
116,UCI327-06571,0,0.04887474884072347,0
117,UCI327-09842,0,0.06544931014850777,0
118,UCI327-10072,1,0.9943251996514746,1
119,UCI327-00511,0,0.05267649891097027,0
120,UCI327-07331,0,0.09351147390658064,0
121,UCI327-06518,1,0.9735701353742171,1
122,UCI327-06113,1,0.9823868781856464,1
123,UCI327-07491,0,0.017844273337526733,0
124,UCI327-01872,0,0.08598787653733456,0
125,UCI327-06153,0,0.031221155021235167,0
126,UCI327-00060,1,0.8131633534117683,1
127,UCI327-01827,0,0.48319251822759823,0
128,UCI327-03553,1,0.9838636569027069,1
129,UCI327-00396,0,0.046523670683677056,0
130,UCI327-05721,1,0.924063841921155,1
131,UCI327-07156,1,0.9903538486133673,1
132,UCI327-08794,0,0.04563120322593703,0
133,UCI327-05189,0,0.04898495128037969,0
134,UCI327-00166,0,0.12844787380051456,0
135,UCI327-08544,1,0.976885922015729,1
136,UCI327-07471,0,0.08694263863107184,0
137,UCI327-02260,1,0.6490144197005567,1
138,UCI327-01227,0,0.2228974238701336,0
139,UCI327-09441,0,0.05026615030468974,0
140,UCI327-02532,0,0.02184722943777482,0
141,UCI327-07047,0,0.009912316337755713,0
142,UCI327-08460,1,0.7773581882794244,1
143,UCI327-06139,0,0.07109232642479048,0
144,UCI327-08539,1,0.9723802157586998,1
145,UCI327-07094,1,0.971329373684926,1
146,UCI327-05608,0,0.06740090968870067,0
147,UCI327-07218,1,0.9649962830036461,1
148,UCI327-05248,1,0.8401489491304454,1
149,UCI327-06451,1,0.5388440280156269,1
150,UCI327-10119,0,0.18632165291588745,0
151,UCI327-06750,1,0.836779423021845,1
152,UCI327-06581,0,0.09286360665889774,0
153,UCI327-05577,0,0.07466228902718458,0
154,UCI327-08997,1,0.9595183371943651,1
155,UCI327-00513,0,0.0945298822732234,0
156,UCI327-09448,0,0.06847020325495683,0
157,UCI327-00814,1,0.9950359086791773,1
158,UCI327-05409,1,0.9836513322032812,1
159,UCI327-07883,1,0.9778331274092551,1
160,UCI327-08866,1,0.9770921871608637,1
161,UCI327-00011,1,0.9663191973038342,1
162,UCI327-06089,1,0.978679485986648,1
163,UCI327-09017,1,0.8588794224469296,1
164,UCI327-05204,1,0.9904602107233685,1
165,UCI327-08231,0,0.22308394262974832,0
166,UCI327-09011,1,0.9780683472052637,1
167,UCI327-08831,0,0.07206291622863974,0
168,UCI327-00053,1,0.723064085043674,1
169,UCI327-09045,0,0.01339483498435981,0
170,UCI327-05293,0,0.1337873871991618,0
171,UCI327-01260,0,0.02009786325325403,0
172,UCI327-00815,0,0.22804865204125369,0
173,UCI327-06062,1,0.9690028006763141,1
174,UCI327-01155,0,0.0947956490825196,0
175,UCI327-00680,0,0.011579345047391729,0
176,UCI327-00066,1,0.8543185001273238,1
177,UCI327-05978,1,0.987841355476242,1
178,UCI327-07202,1,0.9565137790338674,1
179,UCI327-05138,0,0.09740607610320046,0
180,UCI327-02578,1,0.7706962551376113,1
181,UCI327-08026,1,0.9806030270705633,1
182,UCI327-02052,0,0.019507189183593628,0
183,UCI327-05254,1,0.9853468953597887,1
184,UCI327-05375,1,0.6339431766232411,1
185,UCI327-07553,0,0.015019613703182989,0
186,UCI327-09629,1,0.8394430036268365,1
187,UCI327-00032,0,0.011952673027206418,0
188,UCI327-05364,1,0.7548658787927415,1
189,UCI327-08553,0,0.044672591778534804,0
190,UCI327-05774,1,0.9895429949874017,1
191,UCI327-01724,0,0.09879545229829927,0
192,UCI327-01146,0,0.04883629152217898,0
193,UCI327-06900,0,0.24593440590311058,0
194,UCI327-02575,0,0.36764242319195006,0
195,UCI327-05172,0,0.029628947042746125,0
196,UCI327-01328,1,0.8672531915105507,1
197,UCI327-05396,0,0.0351104255708682,0
198,UCI327-06023,1,0.9369878977118583,1
199,UCI327-11054,1,0.9850358215207993,1
200,UCI327-02866,1,0.9898025161632378,1
201,UCI327-09918,1,0.9818147425655184,1
202,UCI327-08822,0,0.013846184420542541,0
203,UCI327-00988,0,0.06802469593077791,0
204,UCI327-08260,0,0.12102148115205068,0
205,UCI327-05258,1,0.9949499348503209,1
206,UCI327-03211,1,0.9867217478810275,1
207,UCI327-08357,1,0.9416546284449377,1
208,UCI327-01311,0,0.037847805533284026,0
209,UCI327-05448,1,0.9294726780983623,1
210,UCI327-11007,0,0.06072365393657389,0
211,UCI327-08565,0,0.04698346841758779,0
212,UCI327-05290,1,0.9717937050639569,1
213,UCI327-06664,0,0.04289891220407667,0
214,UCI327-09723,1,0.8271404405052478,1
215,UCI327-00528,0,0.021209520561804363,0
216,UCI327-08368,0,0.05195509718120405,0
217,UCI327-01429,0,0.2934209196756246,0
218,UCI327-08425,1,0.9706468370643505,1
219,UCI327-09475,1,0.9476621757611527,1
220,UCI327-06772,0,0.17948735321387785,0
221,UCI327-05495,1,0.9828890876901789,1
222,UCI327-06177,0,0.1579128433874963,0
223,UCI327-00240,0,0.04446967996934038,0
224,UCI327-06970,0,0.18664724910933955,0
225,UCI327-05997,1,0.869730010112327,1
226,UCI327-07330,1,0.659497337277976,1
227,UCI327-07030,1,0.9856499613429744,1
228,UCI327-06736,0,0.05647930799646022,0
229,UCI327-09744,1,0.9566465353802808,1
230,UCI327-03685,1,0.9885000251567676,1
231,UCI327-01081,0,0.04384782103323994,0
232,UCI327-05736,1,0.9483789982015216,1
233,UCI327-08977,1,0.9846401771384278,1
234,UCI327-01916,0,0.2032622603964582,0
235,UCI327-00429,0,0.3924915029004374,0
236,UCI327-06893,1,0.7330634254656748,1
237,UCI327-00047,1,0.8254090199904832,1
238,UCI327-05432,1,0.9600963833309403,1
239,UCI327-02288,1,0.9604055446045972,1
240,UCI327-00683,1,0.9920208877902905,1
241,UCI327-06326,1,0.9430480614885389,1
242,UCI327-06306,0,0.041357364083788824,0
243,UCI327-09376,0,0.08650729512894023,0
244,UCI327-03462,1,0.9902530660476975,1
245,UCI327-07068,0,0.11653436484904849,0
246,UCI327-06001,0,0.0456346336055457,0
247,UCI327-01301,0,0.03162602447274677,0
248,UCI327-06196,0,0.5280261679028707,1
249,UCI327-07379,1,0.4809469361750932,0
250,UCI327-05744,1,0.7476763041090957,1
251,UCI327-08188,1,0.8763898500227538,1
252,UCI327-07588,1,0.9147326147515561,1
253,UCI327-06097,1,0.8400773707403424,1
254,UCI327-02271,1,0.9805261747470114,1
255,UCI327-05630,0,0.07993649907880311,0
256,UCI327-09689,0,0.26286774112785855,0
257,UCI327-00380,0,0.10314220868261509,0
258,UCI327-08121,0,0.04847644125045002,0
259,UCI327-01360,1,0.7174378837757189,1
260,UCI327-06816,1,0.6317684798507499,1
261,UCI327-08720,1,0.9031473681202079,1
262,UCI327-08914,0,0.10952497282709169,0
263,UCI327-10213,0,0.1307352556495482,0
264,UCI327-00095,1,0.9876154758125192,1
265,UCI327-08951,0,0.05915508639223054,0
266,UCI327-06165,1,0.9938532250829237,1
267,UCI327-07485,1,0.57694149354801,1
268,UCI327-01268,0,0.01487753805028149,0
269,UCI327-06428,0,0.05283079934707051,0
270,UCI327-01752,0,0.09749547377949339,0
271,UCI327-10269,1,0.9260563869153124,1
272,UCI327-10057,1,0.6429114857274574,1
273,UCI327-09174,1,0.890491685374925,1
274,UCI327-02525,1,0.7717549029695615,1
275,UCI327-08892,0,0.025941345128797456,0
276,UCI327-00962,0,0.3415569040471605,0
277,UCI327-02502,0,0.022421614825729668,0
278,UCI327-10540,0,0.030994591145566283,0
279,UCI327-01930,0,0.13380862193362192,0
280,UCI327-00660,1,0.9105694354779293,1
281,UCI327-10992,1,0.9816208718800127,1
282,UCI327-03606,1,0.9607249624441453,1
283,UCI327-10639,1,0.9074286830054519,1
284,UCI327-01056,1,0.981207964295032,1
285,UCI327-05771,0,0.01766870412085455,0
286,UCI327-09066,0,0.11986009871375299,0
287,UCI327-07401,0,0.058960089173624546,0
288,UCI327-10262,1,0.9757568377521645,1
289,UCI327-00263,0,0.16162616623761633,0
290,UCI327-01302,1,0.988404442245588,1
291,UCI327-02160,1,0.6590133620130031,1
292,UCI327-10722,1,0.940985331282999,1
293,UCI327-00251,1,0.9846716509404254,1
294,UCI327-02986,1,0.833120473939426,1
295,UCI327-01521,1,0.8733757395119012,1
296,UCI327-10354,1,0.9757389400991928,1
297,UCI327-10865,1,0.9919948169926518,1
298,UCI327-06888,1,0.9586324024594063,1
299,UCI327-00374,1,0.9425170760782255,1
300,UCI327-05365,0,0.07239803563770993,0
301,UCI327-10491,0,0.03137180306881329,0
302,UCI327-10324,0,0.07810273980999333,0
303,UCI327-10240,1,0.977230559078855,1
304,UCI327-08016,1,0.9902095584248762,1
305,UCI327-05972,1,0.8352700381450379,1
306,UCI327-08404,1,0.6527413673296181,1
307,UCI327-00291,0,0.16235081980545807,0
308,UCI327-06064,1,0.8539816160147576,1
309,UCI327-05314,1,0.9453131463621035,1
310,UCI327-06290,0,0.03197681060011716,0
311,UCI327-06049,1,0.8429087073731801,1
312,UCI327-01141,1,0.7695051456061209,1
313,UCI327-08891,0,0.0075895741169094925,0
314,UCI327-05329,0,0.10357556652383207,0
315,UCI327-08391,0,0.05432588373261506,0
316,UCI327-05480,0,0.30771685204973637,0
317,UCI327-02880,0,0.014168677822998316,0
318,UCI327-07066,1,0.9317949791098434,1
319,UCI327-05383,1,0.9956760531570693,1
320,UCI327-06047,0,0.09338128430183996,0
321,UCI327-08941,0,0.37770121627118486,0
322,UCI327-02749,1,0.8841745231692509,1
323,UCI327-05878,1,0.9929125269174551,1
324,UCI327-02616,1,0.8544994516447626,1
325,UCI327-09360,0,0.13228428023584565,0
326,UCI327-06031,0,0.08945242484432184,0
327,UCI327-00468,0,0.041874342154690575,0
328,UCI327-00331,0,0.19274665619107742,0
329,UCI327-10668,1,0.9787465566789147,1
330,UCI327-00207,0,0.0610788350392243,0
331,UCI327-00959,0,0.13908063088637393,0
332,UCI327-05509,0,0.025445974992687293,0
333,UCI327-01300,1,0.854299060671953,1
334,UCI327-09306,1,0.9918072361690842,1
335,UCI327-09357,1,0.8937715846667581,1
336,UCI327-07355,0,0.1209829845529711,0
337,UCI327-06880,1,0.7794501874659158,1
338,UCI327-07547,0,0.012165069975131266,0
339,UCI327-06598,1,0.9911893120534212,1
340,UCI327-00259,0,0.11516571568163214,0
341,UCI327-08208,0,0.02118498029997821,0
342,UCI327-09710,1,0.963336073344432,1
343,UCI327-05682,0,0.025266985091227816,0
344,UCI327-05812,0,0.0532248222186586,0
345,UCI327-02344,1,0.990307230450481,1
346,UCI327-06088,0,0.12228907915554624,0
347,UCI327-06357,0,0.08855886184883867,0
348,UCI327-07855,1,0.9813299935756717,1
349,UCI327-10058,0,0.0024631890998028164,0
350,UCI327-05198,0,0.30612538567771536,0
351,UCI327-02027,0,0.04935564112180497,0
352,UCI327-02726,0,0.07095208124943429,0
353,UCI327-02488,0,0.0322912238210479,0
354,UCI327-06202,1,0.9694959544091896,1
355,UCI327-05274,0,0.14359610678224535,0
356,UCI327-08206,1,0.8038669725858922,1
357,UCI327-01262,1,0.9745899314283918,1
358,UCI327-02543,1,0.9929300660260675,1
359,UCI327-01350,0,0.13549675466923772,0
360,UCI327-06454,1,0.8253229657802863,1
361,UCI327-03997,1,0.9756880950202513,1
362,UCI327-08718,1,0.9397463628962028,1
363,UCI327-05948,0,0.0532626003195142,0
364,UCI327-06282,1,0.739466152105764,1
365,UCI327-03057,1,0.9051508647920556,1
366,UCI327-06571,0,0.04887474884072347,0
367,UCI327-09842,0,0.06544931014850777,0
368,UCI327-10072,1,0.9943251996514746,1
369,UCI327-00511,0,0.05267649891097027,0
370,UCI327-07331,0,0.09351147390658064,0
371,UCI327-06518,1,0.9735701353742171,1
372,UCI327-06113,1,0.9823868781856464,1
373,UCI327-07491,0,0.017844273337526733,0
374,UCI327-01872,0,0.08598787653733456,0
375,UCI327-06153,0,0.031221155021235167,0
376,UCI327-00060,1,0.8131633534117683,1
377,UCI327-01827,0,0.48319251822759823,0
378,UCI327-03553,1,0.9838636569027069,1
379,UCI327-00396,0,0.046523670683677056,0
380,UCI327-05721,1,0.924063841921155,1
381,UCI327-07156,1,0.9903538486133673,1
382,UCI327-08794,0,0.04563120322593703,0
383,UCI327-05189,0,0.04898495128037969,0
384,UCI327-00166,0,0.12844787380051456,0
385,UCI327-08544,1,0.976885922015729,1
386,UCI327-07471,0,0.08694263863107184,0
387,UCI327-02260,1,0.6490144197005567,1
388,UCI327-01227,0,0.2228974238701336,0
389,UCI327-09441,0,0.05026615030468974,0
390,UCI327-02532,0,0.02184722943777482,0
391,UCI327-07047,0,0.009912316337755713,0
392,UCI327-08460,1,0.7773581882794244,1
393,UCI327-06139,0,0.07109232642479048,0
394,UCI327-08539,1,0.9723802157586998,1
395,UCI327-07094,1,0.971329373684926,1
396,UCI327-05608,0,0.06740090968870067,0
397,UCI327-07218,1,0.9649962830036461,1
398,UCI327-05248,1,0.8401489491304454,1
399,UCI327-06451,1,0.5388440280156269,1
400,UCI327-10119,0,0.18632165291588745,0
401,UCI327-06750,1,0.836779423021845,1
402,UCI327-06581,0,0.09286360665889774,0
403,UCI327-05577,0,0.07466228902718458,0
404,UCI327-08997,1,0.9595183371943651,1
405,UCI327-00513,0,0.0945298822732234,0
406,UCI327-09448,0,0.06847020325495683,0
407,UCI327-00814,1,0.9950359086791773,1
408,UCI327-05409,1,0.9836513322032812,1
409,UCI327-07883,1,0.9778331274092551,1
410,UCI327-08866,1,0.9770921871608637,1
411,UCI327-00011,1,0.9663191973038342,1
412,UCI327-06089,1,0.978679485986648,1
413,UCI327-09017,1,0.8588794224469296,1
414,UCI327-05204,1,0.9904602107233685,1
415,UCI327-08231,0,0.22308394262974832,0
416,UCI327-09011,1,0.9780683472052637,1
417,UCI327-08831,0,0.07206291622863974,0
418,UCI327-00053,1,0.723064085043674,1
419,UCI327-09045,0,0.01339483498435981,0
420,UCI327-05293,0,0.1337873871991618,0
421,UCI327-01260,0,0.02009786325325403,0
422,UCI327-00815,0,0.22804865204125369,0
423,UCI327-06062,1,0.9690028006763141,1
424,UCI327-01155,0,0.0947956490825196,0
425,UCI327-00680,0,0.011579345047391729,0
426,UCI327-00066,1,0.8543185001273238,1
427,UCI327-05978,1,0.987841355476242,1
428,UCI327-07202,1,0.9565137790338674,1
429,UCI327-05138,0,0.09740607610320046,0
430,UCI327-02578,1,0.7706962551376113,1
431,UCI327-08026,1,0.9806030270705633,1
432,UCI327-02052,0,0.019507189183593628,0
433,UCI327-05254,1,0.9853468953597887,1
434,UCI327-05375,1,0.6339431766232411,1
435,UCI327-07553,0,0.015019613703182989,0
436,UCI327-09629,1,0.8394430036268365,1
437,UCI327-00032,0,0.011952673027206418,0
438,UCI327-05364,1,0.7548658787927415,1
439,UCI327-08553,0,0.044672591778534804,0
440,UCI327-05774,1,0.9895429949874017,1
441,UCI327-01724,0,0.09879545229829927,0
442,UCI327-01146,0,0.04883629152217898,0
443,UCI327-06900,0,0.24593440590311058,0
444,UCI327-02575,0,0.36764242319195006,0
445,UCI327-05172,0,0.029628947042746125,0
446,UCI327-01328,1,0.8672531915105507,1
447,UCI327-05396,0,0.0351104255708682,0
448,UCI327-06023,1,0.9369878977118583,1
449,UCI327-11054,1,0.9850358215207993,1
450,UCI327-02866,1,0.9898025161632378,1
451,UCI327-09918,1,0.9818147425655184,1
452,UCI327-08822,0,0.013846184420542541,0
453,UCI327-00988,0,0.06802469593077791,0
454,UCI327-08260,0,0.12102148115205068,0
455,UCI327-05258,1,0.9949499348503209,1
456,UCI327-03211,1,0.9867217478810275,1
457,UCI327-08357,1,0.9416546284449377,1
458,UCI327-01311,0,0.037847805533284026,0
459,UCI327-05448,1,0.9294726780983623,1
460,UCI327-11007,0,0.06072365393657389,0
461,UCI327-08565,0,0.04698346841758779,0
462,UCI327-05290,1,0.9717937050639569,1
463,UCI327-06664,0,0.04289891220407667,0
464,UCI327-09723,1,0.8271404405052478,1
465,UCI327-00528,0,0.021209520561804363,0
466,UCI327-08368,0,0.05195509718120405,0
467,UCI327-01429,0,0.2934209196756246,0
468,UCI327-08425,1,0.9706468370643505,1
469,UCI327-09475,1,0.9476621757611527,1
470,UCI327-06772,0,0.17948735321387785,0
471,UCI327-05495,1,0.9828890876901789,1
472,UCI327-06177,0,0.1579128433874963,0
473,UCI327-00240,0,0.04446967996934038,0
474,UCI327-06970,0,0.18664724910933955,0
475,UCI327-05997,1,0.869730010112327,1
476,UCI327-07330,1,0.659497337277976,1
477,UCI327-07030,1,0.9856499613429744,1
478,UCI327-06736,0,0.05647930799646022,0
479,UCI327-09744,1,0.9566465353802808,1
480,UCI327-03685,1,0.9885000251567676,1
481,UCI327-01081,0,0.04384782103323994,0
482,UCI327-05736,1,0.9483789982015216,1
483,UCI327-08977,1,0.9846401771384278,1
484,UCI327-01916,0,0.2032622603964582,0
485,UCI327-00429,0,0.3924915029004374,0
486,UCI327-06893,1,0.7330634254656748,1
487,UCI327-00047,1,0.8254090199904832,1
488,UCI327-05432,1,0.9600963833309403,1
489,UCI327-02288,1,0.9604055446045972,1
490,UCI327-00683,1,0.9920208877902905,1
491,UCI327-06326,1,0.9430480614885389,1
492,UCI327-06306,0,0.041357364083788824,0
493,UCI327-09376,0,0.08650729512894023,0
494,UCI327-03462,1,0.9902530660476975,1
495,UCI327-07068,0,0.11653436484904849,0
496,UCI327-06001,0,0.0456346336055457,0
497,UCI327-01301,0,0.03162602447274677,0
498,UCI327-06196,0,0.5280261679028707,1
499,UCI327-07379,1,0.4809469361750932,0
500,UCI327-05744,1,0.7476763041090957,1
501,UCI327-08188,1,0.8763898500227538,1
502,UCI327-07588,1,0.9147326147515561,1
503,UCI327-06097,1,0.8400773707403424,1
504,UCI327-02271,1,0.9805261747470114,1
505,UCI327-05630,0,0.07993649907880311,0
506,UCI327-09689,0,0.26286774112785855,0
507,UCI327-00380,0,0.10314220868261509,0
508,UCI327-08121,0,0.04847644125045002,0
509,UCI327-01360,1,0.7174378837757189,1
510,UCI327-06816,1,0.6317684798507499,1
511,UCI327-08720,1,0.9031473681202079,1
512,UCI327-08914,0,0.10952497282709169,0
513,UCI327-10213,0,0.1307352556495482,0
514,UCI327-00095,1,0.9876154758125192,1
515,UCI327-08951,0,0.05915508639223054,0
516,UCI327-06165,1,0.9938532250829237,1
517,UCI327-07485,1,0.57694149354801,1
518,UCI327-01268,0,0.01487753805028149,0
519,UCI327-06428,0,0.05283079934707051,0
520,UCI327-01752,0,0.09749547377949339,0
521,UCI327-10269,1,0.9260563869153124,1
522,UCI327-10057,1,0.6429114857274574,1
523,UCI327-09174,1,0.890491685374925,1
524,UCI327-02525,1,0.7717549029695615,1
525,UCI327-08892,0,0.025941345128797456,0
526,UCI327-00962,0,0.3415569040471605,0
527,UCI327-02502,0,0.022421614825729668,0
528,UCI327-10540,0,0.030994591145566283,0
529,UCI327-01930,0,0.13380862193362192,0
530,UCI327-00660,1,0.9105694354779293,1
531,UCI327-10992,1,0.9816208718800127,1
532,UCI327-03606,1,0.9607249624441453,1
533,UCI327-10639,1,0.9074286830054519,1
534,UCI327-01056,1,0.981207964295032,1
535,UCI327-05771,0,0.01766870412085455,0
536,UCI327-09066,0,0.11986009871375299,0
537,UCI327-07401,0,0.058960089173624546,0
538,UCI327-10262,1,0.9757568377521645,1
539,UCI327-00263,0,0.16162616623761633,0
540,UCI327-01302,1,0.988404442245588,1
541,UCI327-02160,1,0.6590133620130031,1
542,UCI327-10722,1,0.940985331282999,1
543,UCI327-00251,1,0.9846716509404254,1
544,UCI327-02986,1,0.833120473939426,1
545,UCI327-01521,1,0.8733757395119012,1
546,UCI327-10354,1,0.9757389400991928,1
547,UCI327-10865,1,0.9919948169926518,1
548,UCI327-06888,1,0.9586324024594063,1
549,UCI327-00374,1,0.9425170760782255,1
550,UCI327-05365,0,0.07239803563770993,0
551,UCI327-10491,0,0.03137180306881329,0
552,UCI327-10324,0,0.07810273980999333,0
553,UCI327-10240,1,0.977230559078855,1
554,UCI327-08016,1,0.9902095584248762,1
555,UCI327-05972,1,0.8352700381450379,1
556,UCI327-08404,1,0.6527413673296181,1
557,UCI327-00291,0,0.16235081980545807,0
558,UCI327-06064,1,0.8539816160147576,1
559,UCI327-05314,1,0.9453131463621035,1
560,UCI327-06290,0,0.03197681060011716,0
561,UCI327-06049,1,0.8429087073731801,1
562,UCI327-01141,1,0.7695051456061209,1
563,UCI327-08891,0,0.0075895741169094925,0
564,UCI327-05329,0,0.10357556652383207,0
565,UCI327-08391,0,0.05432588373261506,0
566,UCI327-05480,0,0.30771685204973637,0
567,UCI327-02880,0,0.014168677822998316,0
568,UCI327-07066,1,0.9317949791098434,1
569,UCI327-05383,1,0.9956760531570693,1
570,UCI327-06047,0,0.09338128430183996,0
571,UCI327-08941,0,0.37770121627118486,0
572,UCI327-02749,1,0.8841745231692509,1
573,UCI327-05878,1,0.9929125269174551,1
574,UCI327-02616,1,0.8544994516447626,1
575,UCI327-09360,0,0.13228428023584565,0
576,UCI327-06031,0,0.08945242484432184,0
577,UCI327-00468,0,0.041874342154690575,0
578,UCI327-00331,0,0.19274665619107742,0
579,UCI327-10668,1,0.9787465566789147,1
580,UCI327-00207,0,0.0610788350392243,0
581,UCI327-00959,0,0.13908063088637393,0
582,UCI327-05509,0,0.025445974992687293,0
583,UCI327-01300,1,0.854299060671953,1
584,UCI327-09306,1,0.9918072361690842,1
585,UCI327-09357,1,0.8937715846667581,1
586,UCI327-07355,0,0.1209829845529711,0
587,UCI327-06880,1,0.7794501874659158,1
588,UCI327-07547,0,0.012165069975131266,0
589,UCI327-06598,1,0.9911893120534212,1
590,UCI327-00259,0,0.11516571568163214,0
591,UCI327-08208,0,0.02118498029997821,0
592,UCI327-09710,1,0.963336073344432,1
593,UCI327-05682,0,0.025266985091227816,0
594,UCI327-05812,0,0.0532248222186586,0
595,UCI327-02344,1,0.990307230450481,1
596,UCI327-06088,0,0.12228907915554624,0
597,UCI327-06357,0,0.08855886184883867,0
598,UCI327-07855,1,0.9813299935756717,1
599,UCI327-10058,0,0.0024631890998028164,0
600,UCI327-05198,0,0.30612538567771536,0
601,UCI327-02027,0,0.04935564112180497,0
602,UCI327-02726,0,0.07095208124943429,0
603,UCI327-02488,0,0.0322912238210479,0
604,UCI327-06202,1,0.9694959544091896,1
605,UCI327-05274,0,0.14359610678224535,0
606,UCI327-08206,1,0.8038669725858922,1
607,UCI327-01262,1,0.9745899314283918,1
608,UCI327-02543,1,0.9929300660260675,1
609,UCI327-01350,0,0.13549675466923772,0
610,UCI327-06454,1,0.8253229657802863,1
611,UCI327-03997,1,0.9756880950202513,1
612,UCI327-08718,1,0.9397463628962028,1
613,UCI327-05948,0,0.0532626003195142,0
614,UCI327-06282,1,0.739466152105764,1
615,UCI327-03057,1,0.9051508647920556,1
616,UCI327-06571,0,0.04887474884072347,0
617,UCI327-09842,0,0.06544931014850777,0
618,UCI327-10072,1,0.9943251996514746,1
619,UCI327-00511,0,0.05267649891097027,0
620,UCI327-07331,0,0.09351147390658064,0
621,UCI327-06518,1,0.9735701353742171,1
622,UCI327-06113,1,0.9823868781856464,1
623,UCI327-07491,0,0.017844273337526733,0
624,UCI327-01872,0,0.08598787653733456,0
625,UCI327-06153,0,0.031221155021235167,0
626,UCI327-00060,1,0.8131633534117683,1
627,UCI327-01827,0,0.48319251822759823,0
628,UCI327-03553,1,0.9838636569027069,1
629,UCI327-00396,0,0.046523670683677056,0
630,UCI327-05721,1,0.924063841921155,1
631,UCI327-07156,1,0.9903538486133673,1
632,UCI327-08794,0,0.04563120322593703,0
633,UCI327-05189,0,0.04898495128037969,0
634,UCI327-00166,0,0.12844787380051456,0
635,UCI327-08544,1,0.976885922015729,1
636,UCI327-07471,0,0.08694263863107184,0
637,UCI327-02260,1,0.6490144197005567,1
638,UCI327-01227,0,0.2228974238701336,0
639,UCI327-09441,0,0.05026615030468974,0
640,UCI327-02532,0,0.02184722943777482,0
641,UCI327-07047,0,0.009912316337755713,0
642,UCI327-08460,1,0.7773581882794244,1
643,UCI327-06139,0,0.07109232642479048,0
644,UCI327-08539,1,0.9723802157586998,1
645,UCI327-07094,1,0.971329373684926,1
646,UCI327-05608,0,0.06740090968870067,0
647,UCI327-07218,1,0.9649962830036461,1
648,UCI327-05248,1,0.8401489491304454,1
649,UCI327-06451,1,0.5388440280156269,1
650,UCI327-10119,0,0.18632165291588745,0
651,UCI327-06750,1,0.836779423021845,1
652,UCI327-06581,0,0.09286360665889774,0
653,UCI327-05577,0,0.07466228902718458,0
654,UCI327-08997,1,0.9595183371943651,1
655,UCI327-00513,0,0.0945298822732234,0
656,UCI327-09448,0,0.06847020325495683,0
657,UCI327-00814,1,0.9950359086791773,1
658,UCI327-05409,1,0.9836513322032812,1
659,UCI327-07883,1,0.9778331274092551,1
660,UCI327-08866,1,0.9770921871608637,1
661,UCI327-00011,1,0.9663191973038342,1
662,UCI327-06089,1,0.978679485986648,1
663,UCI327-09017,1,0.8588794224469296,1
664,UCI327-05204,1,0.9904602107233685,1
665,UCI327-08231,0,0.22308394262974832,0
666,UCI327-09011,1,0.9780683472052637,1
667,UCI327-08831,0,0.07206291622863974,0
668,UCI327-00053,1,0.723064085043674,1
669,UCI327-09045,0,0.01339483498435981,0
670,UCI327-05293,0,0.1337873871991618,0
671,UCI327-01260,0,0.02009786325325403,0
672,UCI327-00815,0,0.22804865204125369,0
673,UCI327-06062,1,0.9690028006763141,1
674,UCI327-01155,0,0.0947956490825196,0
675,UCI327-00680,0,0.011579345047391729,0
676,UCI327-00066,1,0.8543185001273238,1
677,UCI327-05978,1,0.987841355476242,1
678,UCI327-07202,1,0.9565137790338674,1
679,UCI327-05138,0,0.09740607610320046,0
680,UCI327-02578,1,0.7706962551376113,1
681,UCI327-08026,1,0.9806030270705633,1
682,UCI327-02052,0,0.019507189183593628,0
683,UCI327-05254,1,0.9853468953597887,1
684,UCI327-05375,1,0.6339431766232411,1
685,UCI327-07553,0,0.015019613703182989,0
686,UCI327-09629,1,0.8394430036268365,1
687,UCI327-00032,0,0.011952673027206418,0
688,UCI327-05364,1,0.7548658787927415,1
689,UCI327-08553,0,0.044672591778534804,0
690,UCI327-05774,1,0.9895429949874017,1
691,UCI327-01724,0,0.09879545229829927,0
692,UCI327-01146,0,0.04883629152217898,0
693,UCI327-06900,0,0.24593440590311058,0
694,UCI327-02575,0,0.36764242319195006,0
695,UCI327-05172,0,0.029628947042746125,0
696,UCI327-01328,1,0.8672531915105507,1
697,UCI327-05396,0,0.0351104255708682,0
698,UCI327-06023,1,0.9369878977118583,1
699,UCI327-11054,1,0.9850358215207993,1
700,UCI327-02866,1,0.9898025161632378,1
701,UCI327-09918,1,0.9818147425655184,1
702,UCI327-08822,0,0.013846184420542541,0
703,UCI327-00988,0,0.06802469593077791,0
704,UCI327-08260,0,0.12102148115205068,0
705,UCI327-05258,1,0.9949499348503209,1
706,UCI327-03211,1,0.9867217478810275,1
707,UCI327-08357,1,0.9416546284449377,1
708,UCI327-01311,0,0.037847805533284026,0
709,UCI327-05448,1,0.9294726780983623,1
710,UCI327-11007,0,0.06072365393657389,0
711,UCI327-08565,0,0.04698346841758779,0
712,UCI327-05290,1,0.9717937050639569,1
713,UCI327-06664,0,0.04289891220407667,0
714,UCI327-09723,1,0.8271404405052478,1
715,UCI327-00528,0,0.021209520561804363,0
716,UCI327-08368,0,0.05195509718120405,0
717,UCI327-01429,0,0.2934209196756246,0
718,UCI327-08425,1,0.9706468370643505,1
719,UCI327-09475,1,0.9476621757611527,1
720,UCI327-06772,0,0.17948735321387785,0
721,UCI327-05495,1,0.9828890876901789,1
722,UCI327-06177,0,0.1579128433874963,0
723,UCI327-00240,0,0.04446967996934038,0
724,UCI327-06970,0,0.18664724910933955,0
725,UCI327-05997,1,0.869730010112327,1
726,UCI327-07330,1,0.659497337277976,1
727,UCI327-07030,1,0.9856499613429744,1
728,UCI327-06736,0,0.05647930799646022,0
729,UCI327-09744,1,0.9566465353802808,1
730,UCI327-03685,1,0.9885000251567676,1
731,UCI327-01081,0,0.04384782103323994,0
732,UCI327-05736,1,0.9483789982015216,1
733,UCI327-08977,1,0.9846401771384278,1
734,UCI327-01916,0,0.2032622603964582,0
735,UCI327-00429,0,0.3924915029004374,0
736,UCI327-06893,1,0.7330634254656748,1
737,UCI327-00047,1,0.8254090199904832,1
738,UCI327-05432,1,0.9600963833309403,1
739,UCI327-02288,1,0.9604055446045972,1
740,UCI327-00683,1,0.9920208877902905,1
741,UCI327-06326,1,0.9430480614885389,1
742,UCI327-06306,0,0.041357364083788824,0
743,UCI327-09376,0,0.08650729512894023,0
744,UCI327-03462,1,0.9902530660476975,1
745,UCI327-07068,0,0.11653436484904849,0
746,UCI327-06001,0,0.0456346336055457,0
747,UCI327-01301,0,0.03162602447274677,0
748,UCI327-06196,0,0.5280261679028707,1
749,UCI327-07379,1,0.4809469361750932,0
750,UCI327-05744,1,0.7476763041090957,1
751,UCI327-08188,1,0.8763898500227538,1
752,UCI327-07588,1,0.9147326147515561,1
753,UCI327-06097,1,0.8400773707403424,1
754,UCI327-02271,1,0.9805261747470114,1
755,UCI327-05630,0,0.07993649907880311,0
756,UCI327-09689,0,0.26286774112785855,0
757,UCI327-00380,0,0.10314220868261509,0
758,UCI327-08121,0,0.04847644125045002,0
759,UCI327-01360,1,0.7174378837757189,1
760,UCI327-06816,1,0.6317684798507499,1
761,UCI327-08720,1,0.9031473681202079,1
762,UCI327-08914,0,0.10952497282709169,0
763,UCI327-10213,0,0.1307352556495482,0
764,UCI327-00095,1,0.9876154758125192,1
765,UCI327-08951,0,0.05915508639223054,0
766,UCI327-06165,1,0.9938532250829237,1
767,UCI327-07485,1,0.57694149354801,1
768,UCI327-01268,0,0.01487753805028149,0
769,UCI327-06428,0,0.05283079934707051,0
770,UCI327-01752,0,0.09749547377949339,0
771,UCI327-10269,1,0.9260563869153124,1
772,UCI327-10057,1,0.6429114857274574,1
773,UCI327-09174,1,0.890491685374925,1
774,UCI327-02525,1,0.7717549029695615,1
775,UCI327-08892,0,0.025941345128797456,0
776,UCI327-00962,0,0.3415569040471605,0
777,UCI327-02502,0,0.022421614825729668,0
778,UCI327-10540,0,0.030994591145566283,0
779,UCI327-01930,0,0.13380862193362192,0
780,UCI327-00660,1,0.9105694354779293,1
781,UCI327-10992,1,0.9816208718800127,1
782,UCI327-03606,1,0.9607249624441453,1
783,UCI327-10639,1,0.9074286830054519,1
784,UCI327-01056,1,0.981207964295032,1
785,UCI327-05771,0,0.01766870412085455,0
786,UCI327-09066,0,0.11986009871375299,0
787,UCI327-07401,0,0.058960089173624546,0
788,UCI327-10262,1,0.9757568377521645,1
789,UCI327-00263,0,0.16162616623761633,0
790,UCI327-01302,1,0.988404442245588,1
791,UCI327-02160,1,0.6590133620130031,1
792,UCI327-10722,1,0.940985331282999,1
793,UCI327-00251,1,0.9846716509404254,1
794,UCI327-02986,1,0.833120473939426,1
795,UCI327-01521,1,0.8733757395119012,1
796,UCI327-10354,1,0.9757389400991928,1
797,UCI327-10865,1,0.9919948169926518,1
798,UCI327-06888,1,0.9586324024594063,1
799,UCI327-00374,1,0.9425170760782255,1
800,UCI327-05365,0,0.07239803563770993,0
801,UCI327-10491,0,0.03137180306881329,0
802,UCI327-10324,0,0.07810273980999333,0
803,UCI327-10240,1,0.977230559078855,1
804,UCI327-08016,1,0.9902095584248762,1
805,UCI327-05972,1,0.8352700381450379,1
806,UCI327-08404,1,0.6527413673296181,1
807,UCI327-00291,0,0.16235081980545807,0
808,UCI327-06064,1,0.8539816160147576,1
809,UCI327-05314,1,0.9453131463621035,1
810,UCI327-06290,0,0.03197681060011716,0
811,UCI327-06049,1,0.8429087073731801,1
812,UCI327-01141,1,0.7695051456061209,1
813,UCI327-08891,0,0.0075895741169094925,0
814,UCI327-05329,0,0.10357556652383207,0
815,UCI327-08391,0,0.05432588373261506,0
816,UCI327-05480,0,0.30771685204973637,0
817,UCI327-02880,0,0.014168677822998316,0
818,UCI327-07066,1,0.9317949791098434,1
819,UCI327-05383,1,0.9956760531570693,1
820,UCI327-06047,0,0.09338128430183996,0
821,UCI327-08941,0,0.37770121627118486,0
822,UCI327-02749,1,0.8841745231692509,1
823,UCI327-05878,1,0.9929125269174551,1
824,UCI327-02616,1,0.8544994516447626,1
825,UCI327-09360,0,0.13228428023584565,0
826,UCI327-06031,0,0.08945242484432184,0
827,UCI327-00468,0,0.041874342154690575,0
828,UCI327-00331,0,0.19274665619107742,0
829,UCI327-10668,1,0.9787465566789147,1
830,UCI327-00207,0,0.0610788350392243,0
831,UCI327-00959,0,0.13908063088637393,0
832,UCI327-05509,0,0.025445974992687293,0
833,UCI327-01300,1,0.854299060671953,1
834,UCI327-09306,1,0.9918072361690842,1
835,UCI327-09357,1,0.8937715846667581,1
836,UCI327-07355,0,0.1209829845529711,0
837,UCI327-06880,1,0.7794501874659158,1
838,UCI327-07547,0,0.012165069975131266,0
839,UCI327-06598,1,0.9911893120534212,1
840,UCI327-00259,0,0.11516571568163214,0
841,UCI327-08208,0,0.02118498029997821,0
842,UCI327-09710,1,0.963336073344432,1
843,UCI327-05682,0,0.025266985091227816,0
844,UCI327-05812,0,0.0532248222186586,0
845,UCI327-02344,1,0.990307230450481,1
846,UCI327-06088,0,0.12228907915554624,0
847,UCI327-06357,0,0.08855886184883867,0
848,UCI327-07855,1,0.9813299935756717,1
849,UCI327-10058,0,0.0024631890998028164,0
850,UCI327-05198,0,0.30612538567771536,0
851,UCI327-02027,0,0.04935564112180497,0
852,UCI327-02726,0,0.07095208124943429,0
853,UCI327-02488,0,0.0322912238210479,0
854,UCI327-06202,1,0.9694959544091896,1
855,UCI327-05274,0,0.14359610678224535,0
856,UCI327-08206,1,0.8038669725858922,1
857,UCI327-01262,1,0.9745899314283918,1
858,UCI327-02543,1,0.9929300660260675,1
859,UCI327-01350,0,0.13549675466923772,0
860,UCI327-06454,1,0.8253229657802863,1
861,UCI327-03997,1,0.9756880950202513,1
862,UCI327-08718,1,0.9397463628962028,1
863,UCI327-05948,0,0.0532626003195142,0
864,UCI327-06282,1,0.739466152105764,1
865,UCI327-03057,1,0.9051508647920556,1
866,UCI327-06571,0,0.04887474884072347,0
867,UCI327-09842,0,0.06544931014850777,0
868,UCI327-10072,1,0.9943251996514746,1
869,UCI327-00511,0,0.05267649891097027,0
870,UCI327-07331,0,0.09351147390658064,0
871,UCI327-06518,1,0.9735701353742171,1
872,UCI327-06113,1,0.9823868781856464,1
873,UCI327-07491,0,0.017844273337526733,0
874,UCI327-01872,0,0.08598787653733456,0
875,UCI327-06153,0,0.031221155021235167,0
876,UCI327-00060,1,0.8131633534117683,1
877,UCI327-01827,0,0.48319251822759823,0
878,UCI327-03553,1,0.9838636569027069,1
879,UCI327-00396,0,0.046523670683677056,0
880,UCI327-05721,1,0.924063841921155,1
881,UCI327-07156,1,0.9903538486133673,1
882,UCI327-08794,0,0.04563120322593703,0
883,UCI327-05189,0,0.04898495128037969,0
884,UCI327-00166,0,0.12844787380051456,0
885,UCI327-08544,1,0.976885922015729,1
886,UCI327-07471,0,0.08694263863107184,0
887,UCI327-02260,1,0.6490144197005567,1
888,UCI327-01227,0,0.2228974238701336,0
889,UCI327-09441,0,0.05026615030468974,0
890,UCI327-02532,0,0.02184722943777482,0
891,UCI327-07047,0,0.009912316337755713,0
892,UCI327-08460,1,0.7773581882794244,1
893,UCI327-06139,0,0.07109232642479048,0
894,UCI327-08539,1,0.9723802157586998,1
895,UCI327-07094,1,0.971329373684926,1
896,UCI327-05608,0,0.06740090968870067,0
897,UCI327-07218,1,0.9649962830036461,1
898,UCI327-05248,1,0.8401489491304454,1
899,UCI327-06451,1,0.5388440280156269,1
900,UCI327-10119,0,0.18632165291588745,0
901,UCI327-06750,1,0.836779423021845,1
902,UCI327-06581,0,0.09286360665889774,0
903,UCI327-05577,0,0.07466228902718458,0
904,UCI327-08997,1,0.9595183371943651,1
905,UCI327-00513,0,0.0945298822732234,0
906,UCI327-09448,0,0.06847020325495683,0
907,UCI327-00814,1,0.9950359086791773,1
908,UCI327-05409,1,0.9836513322032812,1
909,UCI327-07883,1,0.9778331274092551,1
910,UCI327-08866,1,0.9770921871608637,1
911,UCI327-00011,1,0.9663191973038342,1
912,UCI327-06089,1,0.978679485986648,1
913,UCI327-09017,1,0.8588794224469296,1
914,UCI327-05204,1,0.9904602107233685,1
915,UCI327-08231,0,0.22308394262974832,0
916,UCI327-09011,1,0.9780683472052637,1
917,UCI327-08831,0,0.07206291622863974,0
918,UCI327-00053,1,0.723064085043674,1
919,UCI327-09045,0,0.01339483498435981,0
920,UCI327-05293,0,0.1337873871991618,0
921,UCI327-01260,0,0.02009786325325403,0
922,UCI327-00815,0,0.22804865204125369,0
923,UCI327-06062,1,0.9690028006763141,1
924,UCI327-01155,0,0.0947956490825196,0
925,UCI327-00680,0,0.011579345047391729,0
926,UCI327-00066,1,0.8543185001273238,1
927,UCI327-05978,1,0.987841355476242,1
928,UCI327-07202,1,0.9565137790338674,1
929,UCI327-05138,0,0.09740607610320046,0
930,UCI327-02578,1,0.7706962551376113,1
931,UCI327-08026,1,0.9806030270705633,1
932,UCI327-02052,0,0.019507189183593628,0
933,UCI327-05254,1,0.9853468953597887,1
934,UCI327-05375,1,0.6339431766232411,1
935,UCI327-07553,0,0.015019613703182989,0
936,UCI327-09629,1,0.8394430036268365,1
937,UCI327-00032,0,0.011952673027206418,0
938,UCI327-05364,1,0.7548658787927415,1
939,UCI327-08553,0,0.044672591778534804,0
940,UCI327-05774,1,0.9895429949874017,1
941,UCI327-01724,0,0.09879545229829927,0
942,UCI327-01146,0,0.04883629152217898,0
943,UCI327-06900,0,0.24593440590311058,0
944,UCI327-02575,0,0.36764242319195006,0
945,UCI327-05172,0,0.029628947042746125,0
946,UCI327-01328,1,0.8672531915105507,1
947,UCI327-05396,0,0.0351104255708682,0
948,UCI327-06023,1,0.9369878977118583,1
949,UCI327-11054,1,0.9850358215207993,1
950,UCI327-02866,1,0.9898025161632378,1
951,UCI327-09918,1,0.9818147425655184,1
952,UCI327-08822,0,0.013846184420542541,0
953,UCI327-00988,0,0.06802469593077791,0
954,UCI327-08260,0,0.12102148115205068,0
955,UCI327-05258,1,0.9949499348503209,1
956,UCI327-03211,1,0.9867217478810275,1
957,UCI327-08357,1,0.9416546284449377,1
958,UCI327-01311,0,0.037847805533284026,0
959,UCI327-05448,1,0.9294726780983623,1
960,UCI327-11007,0,0.06072365393657389,0
961,UCI327-08565,0,0.04698346841758779,0
962,UCI327-05290,1,0.9717937050639569,1
963,UCI327-06664,0,0.04289891220407667,0
964,UCI327-09723,1,0.8271404405052478,1
965,UCI327-00528,0,0.021209520561804363,0
966,UCI327-08368,0,0.05195509718120405,0
967,UCI327-01429,0,0.2934209196756246,0
968,UCI327-08425,1,0.9706468370643505,1
969,UCI327-09475,1,0.9476621757611527,1
970,UCI327-06772,0,0.17948735321387785,0
971,UCI327-05495,1,0.9828890876901789,1
972,UCI327-06177,0,0.1579128433874963,0
973,UCI327-00240,0,0.04446967996934038,0
974,UCI327-06970,0,0.18664724910933955,0
975,UCI327-05997,1,0.869730010112327,1
976,UCI327-07330,1,0.659497337277976,1
977,UCI327-07030,1,0.9856499613429744,1
978,UCI327-06736,0,0.05647930799646022,0
979,UCI327-09744,1,0.9566465353802808,1
980,UCI327-03685,1,0.9885000251567676,1
981,UCI327-01081,0,0.04384782103323994,0
982,UCI327-05736,1,0.9483789982015216,1
983,UCI327-08977,1,0.9846401771384278,1
984,UCI327-01916,0,0.2032622603964582,0
985,UCI327-00429,0,0.3924915029004374,0
986,UCI327-06893,1,0.7330634254656748,1
987,UCI327-00047,1,0.8254090199904832,1
988,UCI327-05432,1,0.9600963833309403,1
989,UCI327-02288,1,0.9604055446045972,1
990,UCI327-00683,1,0.9920208877902905,1
991,UCI327-06326,1,0.9430480614885389,1
992,UCI327-06306,0,0.041357364083788824,0
993,UCI327-09376,0,0.08650729512894023,0
994,UCI327-03462,1,0.9902530660476975,1
995,UCI327-07068,0,0.11653436484904849,0
996,UCI327-06001,0,0.0456346336055457,0
997,UCI327-01301,0,0.03162602447274677,0
998,UCI327-06196,0,0.5280261679028707,1
999,UCI327-07379,1,0.4809469361750932,0
1000,UCI327-05744,1,0.7476763041090957,1
1001,UCI327-08188,1,0.8763898500227538,1
1002,UCI327-07588,1,0.9147326147515561,1
1003,UCI327-06097,1,0.8400773707403424,1
1004,UCI327-02271,1,0.9805261747470114,1
1005,UCI327-05630,0,0.07993649907880311,0
1006,UCI327-09689,0,0.26286774112785855,0
1007,UCI327-00380,0,0.10314220868261509,0
1008,UCI327-08121,0,0.04847644125045002,0
1009,UCI327-01360,1,0.7174378837757189,1
1010,UCI327-06816,1,0.6317684798507499,1
1011,UCI327-08720,1,0.9031473681202079,1
1012,UCI327-08914,0,0.10952497282709169,0
1013,UCI327-10213,0,0.1307352556495482,0
1014,UCI327-00095,1,0.9876154758125192,1
1015,UCI327-08951,0,0.05915508639223054,0
1016,UCI327-06165,1,0.9938532250829237,1
1017,UCI327-07485,1,0.57694149354801,1
1018,UCI327-01268,0,0.01487753805028149,0
1019,UCI327-06428,0,0.05283079934707051,0
1020,UCI327-01752,0,0.09749547377949339,0
1021,UCI327-10269,1,0.9260563869153124,1
1022,UCI327-10057,1,0.6429114857274574,1
1023,UCI327-09174,1,0.890491685374925,1
1024,UCI327-02525,1,0.7717549029695615,1
1025,UCI327-08892,0,0.025941345128797456,0
1026,UCI327-00962,0,0.3415569040471605,0
1027,UCI327-02502,0,0.022421614825729668,0
1028,UCI327-10540,0,0.030994591145566283,0
1029,UCI327-01930,0,0.13380862193362192,0
1030,UCI327-00660,1,0.9105694354779293,1
1031,UCI327-10992,1,0.9816208718800127,1
1032,UCI327-03606,1,0.9607249624441453,1
1033,UCI327-10639,1,0.9074286830054519,1
1034,UCI327-01056,1,0.981207964295032,1
1035,UCI327-05771,0,0.01766870412085455,0
1036,UCI327-09066,0,0.11986009871375299,0
1037,UCI327-07401,0,0.058960089173624546,0
1038,UCI327-10262,1,0.9757568377521645,1
1039,UCI327-00263,0,0.16162616623761633,0
1040,UCI327-01302,1,0.988404442245588,1
1041,UCI327-02160,1,0.6590133620130031,1
1042,UCI327-10722,1,0.940985331282999,1
1043,UCI327-00251,1,0.9846716509404254,1
1044,UCI327-02986,1,0.833120473939426,1
1045,UCI327-01521,1,0.8733757395119012,1
1046,UCI327-10354,1,0.9757389400991928,1
1047,UCI327-10865,1,0.9919948169926518,1
1048,UCI327-06888,1,0.9586324024594063,1
1049,UCI327-00374,1,0.9425170760782255,1
1050,UCI327-05365,0,0.07239803563770993,0
1051,UCI327-10491,0,0.03137180306881329,0
1052,UCI327-10324,0,0.07810273980999333,0
1053,UCI327-10240,1,0.977230559078855,1
1054,UCI327-08016,1,0.9902095584248762,1
1055,UCI327-05972,1,0.8352700381450379,1
1056,UCI327-08404,1,0.6527413673296181,1
1057,UCI327-00291,0,0.16235081980545807,0
1058,UCI327-06064,1,0.8539816160147576,1
1059,UCI327-05314,1,0.9453131463621035,1
1060,UCI327-06290,0,0.03197681060011716,0
1061,UCI327-06049,1,0.8429087073731801,1
1062,UCI327-01141,1,0.7695051456061209,1
1063,UCI327-08891,0,0.0075895741169094925,0
1064,UCI327-05329,0,0.10357556652383207,0
1065,UCI327-08391,0,0.05432588373261506,0
1066,UCI327-05480,0,0.30771685204973637,0
1067,UCI327-02880,0,0.014168677822998316,0
1068,UCI327-07066,1,0.9317949791098434,1
1069,UCI327-05383,1,0.9956760531570693,1
1070,UCI327-06047,0,0.09338128430183996,0
1071,UCI327-08941,0,0.37770121627118486,0
1072,UCI327-02749,1,0.8841745231692509,1
1073,UCI327-05878,1,0.9929125269174551,1
1074,UCI327-02616,1,0.8544994516447626,1
1075,UCI327-09360,0,0.13228428023584565,0
1076,UCI327-06031,0,0.08945242484432184,0
1077,UCI327-00468,0,0.041874342154690575,0
1078,UCI327-00331,0,0.19274665619107742,0
1079,UCI327-10668,1,0.9787465566789147,1
1080,UCI327-00207,0,0.0610788350392243,0
1081,UCI327-00959,0,0.13908063088637393,0
1082,UCI327-05509,0,0.025445974992687293,0
1083,UCI327-01300,1,0.854299060671953,1
1084,UCI327-09306,1,0.9918072361690842,1
1085,UCI327-09357,1,0.8937715846667581,1
1086,UCI327-07355,0,0.1209829845529711,0
1087,UCI327-06880,1,0.7794501874659158,1
1088,UCI327-07547,0,0.012165069975131266,0
1089,UCI327-06598,1,0.9911893120534212,1
1090,UCI327-00259,0,0.11516571568163214,0
1091,UCI327-08208,0,0.02118498029997821,0
1092,UCI327-09710,1,0.963336073344432,1
1093,UCI327-05682,0,0.025266985091227816,0
1094,UCI327-05812,0,0.0532248222186586,0
1095,UCI327-02344,1,0.990307230450481,1
1096,UCI327-06088,0,0.12228907915554624,0
1097,UCI327-06357,0,0.08855886184883867,0
1098,UCI327-07855,1,0.9813299935756717,1
1099,UCI327-10058,0,0.0024631890998028164,0
1100,UCI327-05198,0,0.30612538567771536,0
1101,UCI327-02027,0,0.04935564112180497,0
1102,UCI327-02726,0,0.07095208124943429,0
1103,UCI327-02488,0,0.0322912238210479,0
1104,UCI327-06202,1,0.9694959544091896,1
1105,UCI327-05274,0,0.14359610678224535,0
1106,UCI327-08206,1,0.8038669725858922,1
1107,UCI327-01262,1,0.9745899314283918,1
1108,UCI327-02543,1,0.9929300660260675,1
1109,UCI327-01350,0,0.13549675466923772,0
1110,UCI327-06454,1,0.8253229657802863,1
1111,UCI327-03997,1,0.9756880950202513,1
1112,UCI327-08718,1,0.9397463628962028,1
1113,UCI327-05948,0,0.0532626003195142,0
1114,UCI327-06282,1,0.739466152105764,1
1115,UCI327-03057,1,0.9051508647920556,1
1116,UCI327-06571,0,0.04887474884072347,0
1117,UCI327-09842,0,0.06544931014850777,0
1118,UCI327-10072,1,0.9943251996514746,1
1119,UCI327-00511,0,0.05267649891097027,0
1120,UCI327-07331,0,0.09351147390658064,0
1121,UCI327-06518,1,0.9735701353742171,1
1122,UCI327-06113,1,0.9823868781856464,1
1123,UCI327-07491,0,0.017844273337526733,0
1124,UCI327-01872,0,0.08598787653733456,0
1125,UCI327-06153,0,0.031221155021235167,0
1126,UCI327-00060,1,0.8131633534117683,1
1127,UCI327-01827,0,0.48319251822759823,0
1128,UCI327-03553,1,0.9838636569027069,1
1129,UCI327-00396,0,0.046523670683677056,0
1130,UCI327-05721,1,0.924063841921155,1
1131,UCI327-07156,1,0.9903538486133673,1
1132,UCI327-08794,0,0.04563120322593703,0
1133,UCI327-05189,0,0.04898495128037969,0
1134,UCI327-00166,0,0.12844787380051456,0
1135,UCI327-08544,1,0.976885922015729,1
1136,UCI327-07471,0,0.08694263863107184,0
1137,UCI327-02260,1,0.6490144197005567,1
1138,UCI327-01227,0,0.2228974238701336,0
1139,UCI327-09441,0,0.05026615030468974,0
1140,UCI327-02532,0,0.02184722943777482,0
1141,UCI327-07047,0,0.009912316337755713,0
1142,UCI327-08460,1,0.7773581882794244,1
1143,UCI327-06139,0,0.07109232642479048,0
1144,UCI327-08539,1,0.9723802157586998,1
1145,UCI327-07094,1,0.971329373684926,1
1146,UCI327-05608,0,0.06740090968870067,0
1147,UCI327-07218,1,0.9649962830036461,1
1148,UCI327-05248,1,0.8401489491304454,1
1149,UCI327-06451,1,0.5388440280156269,1
1150,UCI327-10119,0,0.18632165291588745,0
1151,UCI327-06750,1,0.836779423021845,1
1152,UCI327-06581,0,0.09286360665889774,0
1153,UCI327-05577,0,0.07466228902718458,0
1154,UCI327-08997,1,0.9595183371943651,1
1155,UCI327-00513,0,0.0945298822732234,0
1156,UCI327-09448,0,0.06847020325495683,0
1157,UCI327-00814,1,0.9950359086791773,1
1158,UCI327-05409,1,0.9836513322032812,1
1159,UCI327-07883,1,0.9778331274092551,1
1160,UCI327-08866,1,0.9770921871608637,1
1161,UCI327-00011,1,0.9663191973038342,1
1162,UCI327-06089,1,0.978679485986648,1
1163,UCI327-09017,1,0.8588794224469296,1
1164,UCI327-05204,1,0.9904602107233685,1
1165,UCI327-08231,0,0.22308394262974832,0
1166,UCI327-09011,1,0.9780683472052637,1
1167,UCI327-08831,0,0.07206291622863974,0
1168,UCI327-00053,1,0.723064085043674,1
1169,UCI327-09045,0,0.01339483498435981,0
1170,UCI327-05293,0,0.1337873871991618,0
1171,UCI327-01260,0,0.02009786325325403,0
1172,UCI327-00815,0,0.22804865204125369,0
1173,UCI327-06062,1,0.9690028006763141,1
1174,UCI327-01155,0,0.0947956490825196,0
1175,UCI327-00680,0,0.011579345047391729,0
1176,UCI327-00066,1,0.8543185001273238,1
1177,UCI327-05978,1,0.987841355476242,1
1178,UCI327-07202,1,0.9565137790338674,1
1179,UCI327-05138,0,0.09740607610320046,0
1180,UCI327-02578,1,0.7706962551376113,1
1181,UCI327-08026,1,0.9806030270705633,1
1182,UCI327-02052,0,0.019507189183593628,0
1183,UCI327-05254,1,0.9853468953597887,1
1184,UCI327-05375,1,0.6339431766232411,1
1185,UCI327-07553,0,0.015019613703182989,0
1186,UCI327-09629,1,0.8394430036268365,1
1187,UCI327-00032,0,0.011952673027206418,0
1188,UCI327-05364,1,0.7548658787927415,1
1189,UCI327-08553,0,0.044672591778534804,0
1190,UCI327-05774,1,0.9895429949874017,1
1191,UCI327-01724,0,0.09879545229829927,0
1192,UCI327-01146,0,0.04883629152217898,0
1193,UCI327-06900,0,0.24593440590311058,0
1194,UCI327-02575,0,0.36764242319195006,0
1195,UCI327-05172,0,0.029628947042746125,0
1196,UCI327-01328,1,0.8672531915105507,1
1197,UCI327-05396,0,0.0351104255708682,0
1198,UCI327-06023,1,0.9369878977118583,1
1199,UCI327-11054,1,0.9850358215207993,1
1200,UCI327-02866,1,0.9898025161632378,1
1201,UCI327-09918,1,0.9818147425655184,1
1202,UCI327-08822,0,0.013846184420542541,0
1203,UCI327-00988,0,0.06802469593077791,0
1204,UCI327-08260,0,0.12102148115205068,0
1205,UCI327-05258,1,0.9949499348503209,1
1206,UCI327-03211,1,0.9867217478810275,1
1207,UCI327-08357,1,0.9416546284449377,1
1208,UCI327-01311,0,0.037847805533284026,0
1209,UCI327-05448,1,0.9294726780983623,1
1210,UCI327-11007,0,0.06072365393657389,0
1211,UCI327-08565,0,0.04698346841758779,0
1212,UCI327-05290,1,0.9717937050639569,1
1213,UCI327-06664,0,0.04289891220407667,0
1214,UCI327-09723,1,0.8271404405052478,1
1215,UCI327-00528,0,0.021209520561804363,0
1216,UCI327-08368,0,0.05195509718120405,0
1217,UCI327-01429,0,0.2934209196756246,0
1218,UCI327-08425,1,0.9706468370643505,1
1219,UCI327-09475,1,0.9476621757611527,1
1220,UCI327-06772,0,0.17948735321387785,0
1221,UCI327-05495,1,0.9828890876901789,1
1222,UCI327-06177,0,0.1579128433874963,0
1223,UCI327-00240,0,0.04446967996934038,0
1224,UCI327-06970,0,0.18664724910933955,0
1225,UCI327-05997,1,0.869730010112327,1
1226,UCI327-07330,1,0.659497337277976,1
1227,UCI327-07030,1,0.9856499613429744,1
1228,UCI327-06736,0,0.05647930799646022,0
1229,UCI327-09744,1,0.9566465353802808,1
1230,UCI327-03685,1,0.9885000251567676,1
1231,UCI327-01081,0,0.04384782103323994,0
1232,UCI327-05736,1,0.9483789982015216,1
1233,UCI327-08977,1,0.9846401771384278,1
1234,UCI327-01916,0,0.2032622603964582,0
1235,UCI327-00429,0,0.3924915029004374,0
1236,UCI327-06893,1,0.7330634254656748,1
1237,UCI327-00047,1,0.8254090199904832,1
1238,UCI327-05432,1,0.9600963833309403,1
1239,UCI327-02288,1,0.9604055446045972,1
1240,UCI327-00683,1,0.9920208877902905,1
1241,UCI327-06326,1,0.9430480614885389,1
1242,UCI327-06306,0,0.041357364083788824,0
1243,UCI327-09376,0,0.08650729512894023,0
1244,UCI327-03462,1,0.9902530660476975,1
1245,UCI327-07068,0,0.11653436484904849,0
1246,UCI327-06001,0,0.0456346336055457,0
1247,UCI327-01301,0,0.03162602447274677,0
1248,UCI327-06196,0,0.5280261679028707,1
1249,UCI327-07379,1,0.4809469361750932,0
1250,UCI327-05744,1,0.7476763041090957,1
1251,UCI327-08188,1,0.8763898500227538,1
1252,UCI327-07588,1,0.9147326147515561,1
1253,UCI327-06097,1,0.8400773707403424,1
1254,UCI327-02271,1,0.9805261747470114,1
1255,UCI327-05630,0,0.07993649907880311,0
1256,UCI327-09689,0,0.26286774112785855,0
1257,UCI327-00380,0,0.10314220868261509,0
1258,UCI327-08121,0,0.04847644125045002,0
1259,UCI327-01360,1,0.7174378837757189,1
1260,UCI327-06816,1,0.6317684798507499,1
1261,UCI327-08720,1,0.9031473681202079,1
1262,UCI327-08914,0,0.10952497282709169,0
1263,UCI327-10213,0,0.1307352556495482,0
1264,UCI327-00095,1,0.9876154758125192,1
1265,UCI327-08951,0,0.05915508639223054,0
1266,UCI327-06165,1,0.9938532250829237,1
1267,UCI327-07485,1,0.57694149354801,1
1268,UCI327-01268,0,0.01487753805028149,0
1269,UCI327-06428,0,0.05283079934707051,0
1270,UCI327-01752,0,0.09749547377949339,0
1271,UCI327-10269,1,0.9260563869153124,1
1272,UCI327-10057,1,0.6429114857274574,1
1273,UCI327-09174,1,0.890491685374925,1
1274,UCI327-02525,1,0.7717549029695615,1
1275,UCI327-08892,0,0.025941345128797456,0
1276,UCI327-00962,0,0.3415569040471605,0
1277,UCI327-02502,0,0.022421614825729668,0
1278,UCI327-10540,0,0.030994591145566283,0
1279,UCI327-01930,0,0.13380862193362192,0
1280,UCI327-00660,1,0.9105694354779293,1
1281,UCI327-10992,1,0.9816208718800127,1
1282,UCI327-03606,1,0.9607249624441453,1
1283,UCI327-10639,1,0.9074286830054519,1
1284,UCI327-01056,1,0.981207964295032,1
1285,UCI327-05771,0,0.01766870412085455,0
1286,UCI327-09066,0,0.11986009871375299,0
1287,UCI327-07401,0,0.058960089173624546,0
1288,UCI327-10262,1,0.9757568377521645,1
1289,UCI327-00263,0,0.16162616623761633,0
1290,UCI327-01302,1,0.988404442245588,1
1291,UCI327-02160,1,0.6590133620130031,1
1292,UCI327-10722,1,0.940985331282999,1
1293,UCI327-00251,1,0.9846716509404254,1
1294,UCI327-02986,1,0.833120473939426,1
1295,UCI327-01521,1,0.8733757395119012,1
1296,UCI327-10354,1,0.9757389400991928,1
1297,UCI327-10865,1,0.9919948169926518,1
1298,UCI327-06888,1,0.9586324024594063,1
1299,UCI327-00374,1,0.9425170760782255,1
1300,UCI327-05365,0,0.07239803563770993,0
1301,UCI327-10491,0,0.03137180306881329,0
1302,UCI327-10324,0,0.07810273980999333,0
1303,UCI327-10240,1,0.977230559078855,1
1304,UCI327-08016,1,0.9902095584248762,1
1305,UCI327-05972,1,0.8352700381450379,1
1306,UCI327-08404,1,0.6527413673296181,1
1307,UCI327-00291,0,0.16235081980545807,0
1308,UCI327-06064,1,0.8539816160147576,1
1309,UCI327-05314,1,0.9453131463621035,1
1310,UCI327-06290,0,0.03197681060011716,0
1311,UCI327-06049,1,0.8429087073731801,1
1312,UCI327-01141,1,0.7695051456061209,1
1313,UCI327-08891,0,0.0075895741169094925,0
1314,UCI327-05329,0,0.10357556652383207,0
1315,UCI327-08391,0,0.05432588373261506,0
1316,UCI327-05480,0,0.30771685204973637,0
1317,UCI327-02880,0,0.014168677822998316,0
1318,UCI327-07066,1,0.9317949791098434,1
1319,UCI327-05383,1,0.9956760531570693,1
1320,UCI327-06047,0,0.09338128430183996,0
1321,UCI327-08941,0,0.37770121627118486,0
1322,UCI327-02749,1,0.8841745231692509,1
1323,UCI327-05878,1,0.9929125269174551,1
1324,UCI327-02616,1,0.8544994516447626,1
1325,UCI327-09360,0,0.13228428023584565,0
1326,UCI327-06031,0,0.08945242484432184,0
1327,UCI327-00468,0,0.041874342154690575,0
1328,UCI327-00331,0,0.19274665619107742,0
1329,UCI327-10668,1,0.9787465566789147,1
1330,UCI327-00207,0,0.0610788350392243,0
1331,UCI327-00959,0,0.13908063088637393,0
1332,UCI327-05509,0,0.025445974992687293,0
1333,UCI327-01300,1,0.854299060671953,1
1334,UCI327-09306,1,0.9918072361690842,1
1335,UCI327-09357,1,0.8937715846667581,1
1336,UCI327-07355,0,0.1209829845529711,0
1337,UCI327-06880,1,0.7794501874659158,1
1338,UCI327-07547,0,0.012165069975131266,0
1339,UCI327-06598,1,0.9911893120534212,1
1340,UCI327-00259,0,0.11516571568163214,0
1341,UCI327-08208,0,0.02118498029997821,0
1342,UCI327-09710,1,0.963336073344432,1
1343,UCI327-05682,0,0.025266985091227816,0
1344,UCI327-05812,0,0.0532248222186586,0
1345,UCI327-02344,1,0.990307230450481,1
1346,UCI327-06088,0,0.12228907915554624,0
1347,UCI327-06357,0,0.08855886184883867,0
1348,UCI327-07855,1,0.9813299935756717,1
1349,UCI327-10058,0,0.0024631890998028164,0
1350,UCI327-05198,0,0.30612538567771536,0
1351,UCI327-02027,0,0.04935564112180497,0
1352,UCI327-02726,0,0.07095208124943429,0
1353,UCI327-02488,0,0.0322912238210479,0
1354,UCI327-06202,1,0.9694959544091896,1
1355,UCI327-05274,0,0.14359610678224535,0
1356,UCI327-08206,1,0.8038669725858922,1
1357,UCI327-01262,1,0.9745899314283918,1
1358,UCI327-02543,1,0.9929300660260675,1
1359,UCI327-01350,0,0.13549675466923772,0
1360,UCI327-06454,1,0.8253229657802863,1
1361,UCI327-03997,1,0.9756880950202513,1
1362,UCI327-08718,1,0.9397463628962028,1
1363,UCI327-05948,0,0.0532626003195142,0
1364,UCI327-06282,1,0.739466152105764,1
1365,UCI327-03057,1,0.9051508647920556,1
1366,UCI327-06571,0,0.04887474884072347,0
1367,UCI327-09842,0,0.06544931014850777,0
1368,UCI327-10072,1,0.9943251996514746,1
1369,UCI327-00511,0,0.05267649891097027,0
1370,UCI327-07331,0,0.09351147390658064,0
1371,UCI327-06518,1,0.9735701353742171,1
1372,UCI327-06113,1,0.9823868781856464,1
1373,UCI327-07491,0,0.017844273337526733,0
1374,UCI327-01872,0,0.08598787653733456,0
1375,UCI327-06153,0,0.031221155021235167,0
1376,UCI327-00060,1,0.8131633534117683,1
1377,UCI327-01827,0,0.48319251822759823,0
1378,UCI327-03553,1,0.9838636569027069,1
1379,UCI327-00396,0,0.046523670683677056,0
1380,UCI327-05721,1,0.924063841921155,1
1381,UCI327-07156,1,0.9903538486133673,1
1382,UCI327-08794,0,0.04563120322593703,0
1383,UCI327-05189,0,0.04898495128037969,0
1384,UCI327-00166,0,0.12844787380051456,0
1385,UCI327-08544,1,0.976885922015729,1
1386,UCI327-07471,0,0.08694263863107184,0
1387,UCI327-02260,1,0.6490144197005567,1
1388,UCI327-01227,0,0.2228974238701336,0
1389,UCI327-09441,0,0.05026615030468974,0
1390,UCI327-02532,0,0.02184722943777482,0
1391,UCI327-07047,0,0.009912316337755713,0
1392,UCI327-08460,1,0.7773581882794244,1
1393,UCI327-06139,0,0.07109232642479048,0
1394,UCI327-08539,1,0.9723802157586998,1
1395,UCI327-07094,1,0.971329373684926,1
1396,UCI327-05608,0,0.06740090968870067,0
1397,UCI327-07218,1,0.9649962830036461,1
1398,UCI327-05248,1,0.8401489491304454,1
1399,UCI327-06451,1,0.5388440280156269,1
1400,UCI327-10119,0,0.18632165291588745,0
1401,UCI327-06750,1,0.836779423021845,1
1402,UCI327-06581,0,0.09286360665889774,0
1403,UCI327-05577,0,0.07466228902718458,0
1404,UCI327-08997,1,0.9595183371943651,1
1405,UCI327-00513,0,0.0945298822732234,0
1406,UCI327-09448,0,0.06847020325495683,0
1407,UCI327-00814,1,0.9950359086791773,1
1408,UCI327-05409,1,0.9836513322032812,1
1409,UCI327-07883,1,0.9778331274092551,1
1410,UCI327-08866,1,0.9770921871608637,1
1411,UCI327-00011,1,0.9663191973038342,1
1412,UCI327-06089,1,0.978679485986648,1
1413,UCI327-09017,1,0.8588794224469296,1
1414,UCI327-05204,1,0.9904602107233685,1
1415,UCI327-08231,0,0.22308394262974832,0
1416,UCI327-09011,1,0.9780683472052637,1
1417,UCI327-08831,0,0.07206291622863974,0
1418,UCI327-00053,1,0.723064085043674,1
1419,UCI327-09045,0,0.01339483498435981,0
1420,UCI327-05293,0,0.1337873871991618,0
1421,UCI327-01260,0,0.02009786325325403,0
1422,UCI327-00815,0,0.22804865204125369,0
1423,UCI327-06062,1,0.9690028006763141,1
1424,UCI327-01155,0,0.0947956490825196,0
1425,UCI327-00680,0,0.011579345047391729,0
1426,UCI327-00066,1,0.8543185001273238,1
1427,UCI327-05978,1,0.987841355476242,1
1428,UCI327-07202,1,0.9565137790338674,1
1429,UCI327-05138,0,0.09740607610320046,0
1430,UCI327-02578,1,0.7706962551376113,1
1431,UCI327-08026,1,0.9806030270705633,1
1432,UCI327-02052,0,0.019507189183593628,0
1433,UCI327-05254,1,0.9853468953597887,1
1434,UCI327-05375,1,0.6339431766232411,1
1435,UCI327-07553,0,0.015019613703182989,0
1436,UCI327-09629,1,0.8394430036268365,1
1437,UCI327-00032,0,0.011952673027206418,0
1438,UCI327-05364,1,0.7548658787927415,1
1439,UCI327-08553,0,0.044672591778534804,0
1440,UCI327-05774,1,0.9895429949874017,1
1441,UCI327-01724,0,0.09879545229829927,0
1442,UCI327-01146,0,0.04883629152217898,0
1443,UCI327-06900,0,0.24593440590311058,0
1444,UCI327-02575,0,0.36764242319195006,0
1445,UCI327-05172,0,0.029628947042746125,0
1446,UCI327-01328,1,0.8672531915105507,1
1447,UCI327-05396,0,0.0351104255708682,0
1448,UCI327-06023,1,0.9369878977118583,1
1449,UCI327-11054,1,0.9850358215207993,1
1450,UCI327-02866,1,0.9898025161632378,1
1451,UCI327-09918,1,0.9818147425655184,1
1452,UCI327-08822,0,0.013846184420542541,0
1453,UCI327-00988,0,0.06802469593077791,0
1454,UCI327-08260,0,0.12102148115205068,0
1455,UCI327-05258,1,0.9949499348503209,1
1456,UCI327-03211,1,0.9867217478810275,1
1457,UCI327-08357,1,0.9416546284449377,1
1458,UCI327-01311,0,0.037847805533284026,0
1459,UCI327-05448,1,0.9294726780983623,1
1460,UCI327-11007,0,0.06072365393657389,0
1461,UCI327-08565,0,0.04698346841758779,0
1462,UCI327-05290,1,0.9717937050639569,1
1463,UCI327-06664,0,0.04289891220407667,0
1464,UCI327-09723,1,0.8271404405052478,1
1465,UCI327-00528,0,0.021209520561804363,0
1466,UCI327-08368,0,0.05195509718120405,0
1467,UCI327-01429,0,0.2934209196756246,0
1468,UCI327-08425,1,0.9706468370643505,1
1469,UCI327-09475,1,0.9476621757611527,1
1470,UCI327-06772,0,0.17948735321387785,0
1471,UCI327-05495,1,0.9828890876901789,1
1472,UCI327-06177,0,0.1579128433874963,0
1473,UCI327-00240,0,0.04446967996934038,0
1474,UCI327-06970,0,0.18664724910933955,0
1475,UCI327-05997,1,0.869730010112327,1
1476,UCI327-07330,1,0.659497337277976,1
1477,UCI327-07030,1,0.9856499613429744,1
1478,UCI327-06736,0,0.05647930799646022,0
1479,UCI327-09744,1,0.9566465353802808,1
1480,UCI327-03685,1,0.9885000251567676,1
1481,UCI327-01081,0,0.04384782103323994,0
1482,UCI327-05736,1,0.9483789982015216,1
1483,UCI327-08977,1,0.9846401771384278,1
1484,UCI327-01916,0,0.2032622603964582,0
1485,UCI327-00429,0,0.3924915029004374,0
1486,UCI327-06893,1,0.7330634254656748,1
1487,UCI327-00047,1,0.8254090199904832,1
1488,UCI327-05432,1,0.9600963833309403,1
1489,UCI327-02288,1,0.9604055446045972,1
1490,UCI327-00683,1,0.9920208877902905,1
1491,UCI327-06326,1,0.9430480614885389,1
1492,UCI327-06306,0,0.041357364083788824,0
1493,UCI327-09376,0,0.08650729512894023,0
1494,UCI327-03462,1,0.9902530660476975,1
1495,UCI327-07068,0,0.11653436484904849,0
1496,UCI327-06001,0,0.0456346336055457,0
1497,UCI327-01301,0,0.03162602447274677,0
1498,UCI327-06196,0,0.5280261679028707,1
1499,UCI327-07379,1,0.4809469361750932,0
1500,UCI327-05744,1,0.7476763041090957,1
1501,UCI327-08188,1,0.8763898500227538,1
1502,UCI327-07588,1,0.9147326147515561,1
1503,UCI327-06097,1,0.8400773707403424,1
1504,UCI327-02271,1,0.9805261747470114,1
1505,UCI327-05630,0,0.07993649907880311,0
1506,UCI327-09689,0,0.26286774112785855,0
1507,UCI327-00380,0,0.10314220868261509,0
1508,UCI327-08121,0,0.04847644125045002,0
1509,UCI327-01360,1,0.7174378837757189,1
1510,UCI327-06816,1,0.6317684798507499,1
1511,UCI327-08720,1,0.9031473681202079,1
1512,UCI327-08914,0,0.10952497282709169,0
1513,UCI327-10213,0,0.1307352556495482,0
1514,UCI327-00095,1,0.9876154758125192,1
1515,UCI327-08951,0,0.05915508639223054,0
1516,UCI327-06165,1,0.9938532250829237,1
1517,UCI327-07485,1,0.57694149354801,1
1518,UCI327-01268,0,0.01487753805028149,0
1519,UCI327-06428,0,0.05283079934707051,0
1520,UCI327-01752,0,0.09749547377949339,0
1521,UCI327-10269,1,0.9260563869153124,1
1522,UCI327-10057,1,0.6429114857274574,1
1523,UCI327-09174,1,0.890491685374925,1
1524,UCI327-02525,1,0.7717549029695615,1
1525,UCI327-08892,0,0.025941345128797456,0
1526,UCI327-00962,0,0.3415569040471605,0
1527,UCI327-02502,0,0.022421614825729668,0
1528,UCI327-10540,0,0.030994591145566283,0
1529,UCI327-01930,0,0.13380862193362192,0
1530,UCI327-00660,1,0.9105694354779293,1
1531,UCI327-10992,1,0.9816208718800127,1
1532,UCI327-03606,1,0.9607249624441453,1
1533,UCI327-10639,1,0.9074286830054519,1
1534,UCI327-01056,1,0.981207964295032,1
1535,UCI327-05771,0,0.01766870412085455,0
1536,UCI327-09066,0,0.11986009871375299,0
1537,UCI327-07401,0,0.058960089173624546,0
1538,UCI327-10262,1,0.9757568377521645,1
1539,UCI327-00263,0,0.16162616623761633,0
1540,UCI327-01302,1,0.988404442245588,1
1541,UCI327-02160,1,0.6590133620130031,1
1542,UCI327-10722,1,0.940985331282999,1
1543,UCI327-00251,1,0.9846716509404254,1
1544,UCI327-02986,1,0.833120473939426,1
1545,UCI327-01521,1,0.8733757395119012,1
1546,UCI327-10354,1,0.9757389400991928,1
1547,UCI327-10865,1,0.9919948169926518,1
1548,UCI327-06888,1,0.9586324024594063,1
1549,UCI327-00374,1,0.9425170760782255,1
1550,UCI327-05365,0,0.07239803563770993,0
1551,UCI327-10491,0,0.03137180306881329,0
1552,UCI327-10324,0,0.07810273980999333,0
1553,UCI327-10240,1,0.977230559078855,1
1554,UCI327-08016,1,0.9902095584248762,1
1555,UCI327-05972,1,0.8352700381450379,1
1556,UCI327-08404,1,0.6527413673296181,1
1557,UCI327-00291,0,0.16235081980545807,0
1558,UCI327-06064,1,0.8539816160147576,1
1559,UCI327-05314,1,0.9453131463621035,1
1560,UCI327-06290,0,0.03197681060011716,0
1561,UCI327-06049,1,0.8429087073731801,1
1562,UCI327-01141,1,0.7695051456061209,1
1563,UCI327-08891,0,0.0075895741169094925,0
1564,UCI327-05329,0,0.10357556652383207,0
1565,UCI327-08391,0,0.05432588373261506,0
1566,UCI327-05480,0,0.30771685204973637,0
1567,UCI327-02880,0,0.014168677822998316,0
1568,UCI327-07066,1,0.9317949791098434,1
1569,UCI327-05383,1,0.9956760531570693,1
1570,UCI327-06047,0,0.09338128430183996,0
1571,UCI327-08941,0,0.37770121627118486,0
1572,UCI327-02749,1,0.8841745231692509,1
1573,UCI327-05878,1,0.9929125269174551,1
1574,UCI327-02616,1,0.8544994516447626,1
1575,UCI327-09360,0,0.13228428023584565,0
1576,UCI327-06031,0,0.08945242484432184,0
1577,UCI327-00468,0,0.041874342154690575,0
1578,UCI327-00331,0,0.19274665619107742,0
1579,UCI327-10668,1,0.9787465566789147,1
1580,UCI327-00207,0,0.0610788350392243,0
1581,UCI327-00959,0,0.13908063088637393,0
1582,UCI327-05509,0,0.025445974992687293,0
1583,UCI327-01300,1,0.854299060671953,1
1584,UCI327-09306,1,0.9918072361690842,1
1585,UCI327-09357,1,0.8937715846667581,1
1586,UCI327-07355,0,0.1209829845529711,0
1587,UCI327-06880,1,0.7794501874659158,1
1588,UCI327-07547,0,0.012165069975131266,0
1589,UCI327-06598,1,0.9911893120534212,1
1590,UCI327-00259,0,0.11516571568163214,0
1591,UCI327-08208,0,0.02118498029997821,0
1592,UCI327-09710,1,0.963336073344432,1
1593,UCI327-05682,0,0.025266985091227816,0
1594,UCI327-05812,0,0.0532248222186586,0
1595,UCI327-02344,1,0.990307230450481,1
1596,UCI327-06088,0,0.12228907915554624,0
1597,UCI327-06357,0,0.08855886184883867,0
1598,UCI327-07855,1,0.9813299935756717,1
1599,UCI327-10058,0,0.0024631890998028164,0
1600,UCI327-05198,0,0.30612538567771536,0
1601,UCI327-02027,0,0.04935564112180497,0
1602,UCI327-02726,0,0.07095208124943429,0
1603,UCI327-02488,0,0.0322912238210479,0
1604,UCI327-06202,1,0.9694959544091896,1
1605,UCI327-05274,0,0.14359610678224535,0
1606,UCI327-08206,1,0.8038669725858922,1
1607,UCI327-01262,1,0.9745899314283918,1
1608,UCI327-02543,1,0.9929300660260675,1
1609,UCI327-01350,0,0.13549675466923772,0
1610,UCI327-06454,1,0.8253229657802863,1
1611,UCI327-03997,1,0.9756880950202513,1
1612,UCI327-08718,1,0.9397463628962028,1
1613,UCI327-05948,0,0.0532626003195142,0
1614,UCI327-06282,1,0.739466152105764,1
1615,UCI327-03057,1,0.9051508647920556,1
1616,UCI327-06571,0,0.04887474884072347,0
1617,UCI327-09842,0,0.06544931014850777,0
1618,UCI327-10072,1,0.9943251996514746,1
1619,UCI327-00511,0,0.05267649891097027,0
1620,UCI327-07331,0,0.09351147390658064,0
1621,UCI327-06518,1,0.9735701353742171,1
1622,UCI327-06113,1,0.9823868781856464,1
1623,UCI327-07491,0,0.017844273337526733,0
1624,UCI327-01872,0,0.08598787653733456,0
1625,UCI327-06153,0,0.031221155021235167,0
1626,UCI327-00060,1,0.8131633534117683,1
1627,UCI327-01827,0,0.48319251822759823,0
1628,UCI327-03553,1,0.9838636569027069,1
1629,UCI327-00396,0,0.046523670683677056,0
1630,UCI327-05721,1,0.924063841921155,1
1631,UCI327-07156,1,0.9903538486133673,1
1632,UCI327-08794,0,0.04563120322593703,0
1633,UCI327-05189,0,0.04898495128037969,0
1634,UCI327-00166,0,0.12844787380051456,0
1635,UCI327-08544,1,0.976885922015729,1
1636,UCI327-07471,0,0.08694263863107184,0
1637,UCI327-02260,1,0.6490144197005567,1
1638,UCI327-01227,0,0.2228974238701336,0
1639,UCI327-09441,0,0.05026615030468974,0
1640,UCI327-02532,0,0.02184722943777482,0
1641,UCI327-07047,0,0.009912316337755713,0
1642,UCI327-08460,1,0.7773581882794244,1
1643,UCI327-06139,0,0.07109232642479048,0
1644,UCI327-08539,1,0.9723802157586998,1
1645,UCI327-07094,1,0.971329373684926,1
1646,UCI327-05608,0,0.06740090968870067,0
1647,UCI327-07218,1,0.9649962830036461,1
1648,UCI327-05248,1,0.8401489491304454,1
1649,UCI327-06451,1,0.5388440280156269,1
1650,UCI327-10119,0,0.18632165291588745,0
1651,UCI327-06750,1,0.836779423021845,1
1652,UCI327-06581,0,0.09286360665889774,0
1653,UCI327-05577,0,0.07466228902718458,0
1654,UCI327-08997,1,0.9595183371943651,1
1655,UCI327-00513,0,0.0945298822732234,0
1656,UCI327-09448,0,0.06847020325495683,0
1657,UCI327-00814,1,0.9950359086791773,1
1658,UCI327-05409,1,0.9836513322032812,1
1659,UCI327-07883,1,0.9778331274092551,1
1660,UCI327-08866,1,0.9770921871608637,1
1661,UCI327-00011,1,0.9663191973038342,1
1662,UCI327-06089,1,0.978679485986648,1
1663,UCI327-09017,1,0.8588794224469296,1
1664,UCI327-05204,1,0.9904602107233685,1
1665,UCI327-08231,0,0.22308394262974832,0
1666,UCI327-09011,1,0.9780683472052637,1
1667,UCI327-08831,0,0.07206291622863974,0
1668,UCI327-00053,1,0.723064085043674,1
1669,UCI327-09045,0,0.01339483498435981,0
1670,UCI327-05293,0,0.1337873871991618,0
1671,UCI327-01260,0,0.02009786325325403,0
1672,UCI327-00815,0,0.22804865204125369,0
1673,UCI327-06062,1,0.9690028006763141,1
1674,UCI327-01155,0,0.0947956490825196,0
1675,UCI327-00680,0,0.011579345047391729,0
1676,UCI327-00066,1,0.8543185001273238,1
1677,UCI327-05978,1,0.987841355476242,1
1678,UCI327-07202,1,0.9565137790338674,1
1679,UCI327-05138,0,0.09740607610320046,0
1680,UCI327-02578,1,0.7706962551376113,1
1681,UCI327-08026,1,0.9806030270705633,1
1682,UCI327-02052,0,0.019507189183593628,0
1683,UCI327-05254,1,0.9853468953597887,1
1684,UCI327-05375,1,0.6339431766232411,1
1685,UCI327-07553,0,0.015019613703182989,0
1686,UCI327-09629,1,0.8394430036268365,1
1687,UCI327-00032,0,0.011952673027206418,0
1688,UCI327-05364,1,0.7548658787927415,1
1689,UCI327-08553,0,0.044672591778534804,0
1690,UCI327-05774,1,0.9895429949874017,1
1691,UCI327-01724,0,0.09879545229829927,0
1692,UCI327-01146,0,0.04883629152217898,0
1693,UCI327-06900,0,0.24593440590311058,0
1694,UCI327-02575,0,0.36764242319195006,0
1695,UCI327-05172,0,0.029628947042746125,0
1696,UCI327-01328,1,0.8672531915105507,1
1697,UCI327-05396,0,0.0351104255708682,0
1698,UCI327-06023,1,0.9369878977118583,1
1699,UCI327-11054,1,0.9850358215207993,1
1700,UCI327-02866,1,0.9898025161632378,1
1701,UCI327-09918,1,0.9818147425655184,1
1702,UCI327-08822,0,0.013846184420542541,0
1703,UCI327-00988,0,0.06802469593077791,0
1704,UCI327-08260,0,0.12102148115205068,0
1705,UCI327-05258,1,0.9949499348503209,1
1706,UCI327-03211,1,0.9867217478810275,1
1707,UCI327-08357,1,0.9416546284449377,1
1708,UCI327-01311,0,0.037847805533284026,0
1709,UCI327-05448,1,0.9294726780983623,1
1710,UCI327-11007,0,0.06072365393657389,0
1711,UCI327-08565,0,0.04698346841758779,0
1712,UCI327-05290,1,0.9717937050639569,1
1713,UCI327-06664,0,0.04289891220407667,0
1714,UCI327-09723,1,0.8271404405052478,1
1715,UCI327-00528,0,0.021209520561804363,0
1716,UCI327-08368,0,0.05195509718120405,0
1717,UCI327-01429,0,0.2934209196756246,0
1718,UCI327-08425,1,0.9706468370643505,1
1719,UCI327-09475,1,0.9476621757611527,1
1720,UCI327-06772,0,0.17948735321387785,0
1721,UCI327-05495,1,0.9828890876901789,1
1722,UCI327-06177,0,0.1579128433874963,0
1723,UCI327-00240,0,0.04446967996934038,0
1724,UCI327-06970,0,0.18664724910933955,0
1725,UCI327-05997,1,0.869730010112327,1
1726,UCI327-07330,1,0.659497337277976,1
1727,UCI327-07030,1,0.9856499613429744,1
1728,UCI327-06736,0,0.05647930799646022,0
1729,UCI327-09744,1,0.9566465353802808,1
1730,UCI327-03685,1,0.9885000251567676,1
1731,UCI327-01081,0,0.04384782103323994,0
1732,UCI327-05736,1,0.9483789982015216,1
1733,UCI327-08977,1,0.9846401771384278,1
1734,UCI327-01916,0,0.2032622603964582,0
1735,UCI327-00429,0,0.3924915029004374,0
1736,UCI327-06893,1,0.7330634254656748,1
1737,UCI327-00047,1,0.8254090199904832,1
1738,UCI327-05432,1,0.9600963833309403,1
1739,UCI327-02288,1,0.9604055446045972,1
1740,UCI327-00683,1,0.9920208877902905,1
1741,UCI327-06326,1,0.9430480614885389,1
1742,UCI327-06306,0,0.041357364083788824,0
1743,UCI327-09376,0,0.08650729512894023,0
1744,UCI327-03462,1,0.9902530660476975,1
1745,UCI327-07068,0,0.11653436484904849,0
1746,UCI327-06001,0,0.0456346336055457,0
1747,UCI327-01301,0,0.03162602447274677,0
1748,UCI327-06196,0,0.5280261679028707,1
1749,UCI327-07379,1,0.4809469361750932,0
1750,UCI327-05744,1,0.7476763041090957,1
1751,UCI327-08188,1,0.8763898500227538,1
1752,UCI327-07588,1,0.9147326147515561,1
1753,UCI327-06097,1,0.8400773707403424,1
1754,UCI327-02271,1,0.9805261747470114,1
1755,UCI327-05630,0,0.07993649907880311,0
1756,UCI327-09689,0,0.26286774112785855,0
1757,UCI327-00380,0,0.10314220868261509,0
1758,UCI327-08121,0,0.04847644125045002,0
1759,UCI327-01360,1,0.7174378837757189,1
1760,UCI327-06816,1,0.6317684798507499,1
1761,UCI327-08720,1,0.9031473681202079,1
1762,UCI327-08914,0,0.10952497282709169,0
1763,UCI327-10213,0,0.1307352556495482,0
1764,UCI327-00095,1,0.9876154758125192,1
1765,UCI327-08951,0,0.05915508639223054,0
1766,UCI327-06165,1,0.9938532250829237,1
1767,UCI327-07485,1,0.57694149354801,1
1768,UCI327-01268,0,0.01487753805028149,0
1769,UCI327-06428,0,0.05283079934707051,0
1770,UCI327-01752,0,0.09749547377949339,0
1771,UCI327-10269,1,0.9260563869153124,1
1772,UCI327-10057,1,0.6429114857274574,1
1773,UCI327-09174,1,0.890491685374925,1
1774,UCI327-02525,1,0.7717549029695615,1
1775,UCI327-08892,0,0.025941345128797456,0
1776,UCI327-00962,0,0.3415569040471605,0
1777,UCI327-02502,0,0.022421614825729668,0
1778,UCI327-10540,0,0.030994591145566283,0
1779,UCI327-01930,0,0.13380862193362192,0
1780,UCI327-00660,1,0.9105694354779293,1
1781,UCI327-10992,1,0.9816208718800127,1
1782,UCI327-03606,1,0.9607249624441453,1
1783,UCI327-10639,1,0.9074286830054519,1
1784,UCI327-01056,1,0.981207964295032,1
1785,UCI327-05771,0,0.01766870412085455,0
1786,UCI327-09066,0,0.11986009871375299,0
1787,UCI327-07401,0,0.058960089173624546,0
1788,UCI327-10262,1,0.9757568377521645,1
1789,UCI327-00263,0,0.16162616623761633,0
1790,UCI327-01302,1,0.988404442245588,1
1791,UCI327-02160,1,0.6590133620130031,1
1792,UCI327-10722,1,0.940985331282999,1
1793,UCI327-00251,1,0.9846716509404254,1
1794,UCI327-02986,1,0.833120473939426,1
1795,UCI327-01521,1,0.8733757395119012,1
1796,UCI327-10354,1,0.9757389400991928,1
1797,UCI327-10865,1,0.9919948169926518,1
1798,UCI327-06888,1,0.9586324024594063,1
1799,UCI327-00374,1,0.9425170760782255,1
1800,UCI327-05365,0,0.07239803563770993,0
1801,UCI327-10491,0,0.03137180306881329,0
1802,UCI327-10324,0,0.07810273980999333,0
1803,UCI327-10240,1,0.977230559078855,1
1804,UCI327-08016,1,0.9902095584248762,1
1805,UCI327-05972,1,0.8352700381450379,1
1806,UCI327-08404,1,0.6527413673296181,1
1807,UCI327-00291,0,0.16235081980545807,0
1808,UCI327-06064,1,0.8539816160147576,1
1809,UCI327-05314,1,0.9453131463621035,1
1810,UCI327-06290,0,0.03197681060011716,0
1811,UCI327-06049,1,0.8429087073731801,1
1812,UCI327-01141,1,0.7695051456061209,1
1813,UCI327-08891,0,0.0075895741169094925,0
1814,UCI327-05329,0,0.10357556652383207,0
1815,UCI327-08391,0,0.05432588373261506,0
1816,UCI327-05480,0,0.30771685204973637,0
1817,UCI327-02880,0,0.014168677822998316,0
1818,UCI327-07066,1,0.9317949791098434,1
1819,UCI327-05383,1,0.9956760531570693,1
1820,UCI327-06047,0,0.09338128430183996,0
1821,UCI327-08941,0,0.37770121627118486,0
1822,UCI327-02749,1,0.8841745231692509,1
1823,UCI327-05878,1,0.9929125269174551,1
1824,UCI327-02616,1,0.8544994516447626,1
1825,UCI327-09360,0,0.13228428023584565,0
1826,UCI327-06031,0,0.08945242484432184,0
1827,UCI327-00468,0,0.041874342154690575,0
1828,UCI327-00331,0,0.19274665619107742,0
1829,UCI327-10668,1,0.9787465566789147,1
1830,UCI327-00207,0,0.0610788350392243,0
1831,UCI327-00959,0,0.13908063088637393,0
1832,UCI327-05509,0,0.025445974992687293,0
1833,UCI327-01300,1,0.854299060671953,1
1834,UCI327-09306,1,0.9918072361690842,1
1835,UCI327-09357,1,0.8937715846667581,1
1836,UCI327-07355,0,0.1209829845529711,0
1837,UCI327-06880,1,0.7794501874659158,1
1838,UCI327-07547,0,0.012165069975131266,0
1839,UCI327-06598,1,0.9911893120534212,1
1840,UCI327-00259,0,0.11516571568163214,0
1841,UCI327-08208,0,0.02118498029997821,0
1842,UCI327-09710,1,0.963336073344432,1
1843,UCI327-05682,0,0.025266985091227816,0
1844,UCI327-05812,0,0.0532248222186586,0
1845,UCI327-02344,1,0.990307230450481,1
1846,UCI327-06088,0,0.12228907915554624,0
1847,UCI327-06357,0,0.08855886184883867,0
1848,UCI327-07855,1,0.9813299935756717,1
1849,UCI327-10058,0,0.0024631890998028164,0
1850,UCI327-05198,0,0.30612538567771536,0
1851,UCI327-02027,0,0.04935564112180497,0
1852,UCI327-02726,0,0.07095208124943429,0
1853,UCI327-02488,0,0.0322912238210479,0
1854,UCI327-06202,1,0.9694959544091896,1
1855,UCI327-05274,0,0.14359610678224535,0
1856,UCI327-08206,1,0.8038669725858922,1
1857,UCI327-01262,1,0.9745899314283918,1
1858,UCI327-02543,1,0.9929300660260675,1
1859,UCI327-01350,0,0.13549675466923772,0
1860,UCI327-06454,1,0.8253229657802863,1
1861,UCI327-03997,1,0.9756880950202513,1
1862,UCI327-08718,1,0.9397463628962028,1
1863,UCI327-05948,0,0.0532626003195142,0
1864,UCI327-06282,1,0.739466152105764,1
1865,UCI327-03057,1,0.9051508647920556,1
1866,UCI327-06571,0,0.04887474884072347,0
1867,UCI327-09842,0,0.06544931014850777,0
1868,UCI327-10072,1,0.9943251996514746,1
1869,UCI327-00511,0,0.05267649891097027,0
1870,UCI327-07331,0,0.09351147390658064,0
1871,UCI327-06518,1,0.9735701353742171,1
1872,UCI327-06113,1,0.9823868781856464,1
1873,UCI327-07491,0,0.017844273337526733,0
1874,UCI327-01872,0,0.08598787653733456,0
1875,UCI327-06153,0,0.031221155021235167,0
1876,UCI327-00060,1,0.8131633534117683,1
1877,UCI327-01827,0,0.48319251822759823,0
1878,UCI327-03553,1,0.9838636569027069,1
1879,UCI327-00396,0,0.046523670683677056,0
1880,UCI327-05721,1,0.924063841921155,1
1881,UCI327-07156,1,0.9903538486133673,1
1882,UCI327-08794,0,0.04563120322593703,0
1883,UCI327-05189,0,0.04898495128037969,0
1884,UCI327-00166,0,0.12844787380051456,0
1885,UCI327-08544,1,0.976885922015729,1
1886,UCI327-07471,0,0.08694263863107184,0
1887,UCI327-02260,1,0.6490144197005567,1
1888,UCI327-01227,0,0.2228974238701336,0
1889,UCI327-09441,0,0.05026615030468974,0
1890,UCI327-02532,0,0.02184722943777482,0
1891,UCI327-07047,0,0.009912316337755713,0
1892,UCI327-08460,1,0.7773581882794244,1
1893,UCI327-06139,0,0.07109232642479048,0
1894,UCI327-08539,1,0.9723802157586998,1
1895,UCI327-07094,1,0.971329373684926,1
1896,UCI327-05608,0,0.06740090968870067,0
1897,UCI327-07218,1,0.9649962830036461,1
1898,UCI327-05248,1,0.8401489491304454,1
1899,UCI327-06451,1,0.5388440280156269,1
1900,UCI327-10119,0,0.18632165291588745,0
1901,UCI327-06750,1,0.836779423021845,1
1902,UCI327-06581,0,0.09286360665889774,0
1903,UCI327-05577,0,0.07466228902718458,0
1904,UCI327-08997,1,0.9595183371943651,1
1905,UCI327-00513,0,0.0945298822732234,0
1906,UCI327-09448,0,0.06847020325495683,0
1907,UCI327-00814,1,0.9950359086791773,1
1908,UCI327-05409,1,0.9836513322032812,1
1909,UCI327-07883,1,0.9778331274092551,1
1910,UCI327-08866,1,0.9770921871608637,1
1911,UCI327-00011,1,0.9663191973038342,1
1912,UCI327-06089,1,0.978679485986648,1
1913,UCI327-09017,1,0.8588794224469296,1
1914,UCI327-05204,1,0.9904602107233685,1
1915,UCI327-08231,0,0.22308394262974832,0
1916,UCI327-09011,1,0.9780683472052637,1
1917,UCI327-08831,0,0.07206291622863974,0
1918,UCI327-00053,1,0.723064085043674,1
1919,UCI327-09045,0,0.01339483498435981,0
1920,UCI327-05293,0,0.1337873871991618,0
1921,UCI327-01260,0,0.02009786325325403,0
1922,UCI327-00815,0,0.22804865204125369,0
1923,UCI327-06062,1,0.9690028006763141,1
1924,UCI327-01155,0,0.0947956490825196,0
1925,UCI327-00680,0,0.011579345047391729,0
1926,UCI327-00066,1,0.8543185001273238,1
1927,UCI327-05978,1,0.987841355476242,1
1928,UCI327-07202,1,0.9565137790338674,1
1929,UCI327-05138,0,0.09740607610320046,0
1930,UCI327-02578,1,0.7706962551376113,1
1931,UCI327-08026,1,0.9806030270705633,1
1932,UCI327-02052,0,0.019507189183593628,0
1933,UCI327-05254,1,0.9853468953597887,1
1934,UCI327-05375,1,0.6339431766232411,1
1935,UCI327-07553,0,0.015019613703182989,0
1936,UCI327-09629,1,0.8394430036268365,1
1937,UCI327-00032,0,0.011952673027206418,0
1938,UCI327-05364,1,0.7548658787927415,1
1939,UCI327-08553,0,0.044672591778534804,0
1940,UCI327-05774,1,0.9895429949874017,1
1941,UCI327-01724,0,0.09879545229829927,0
1942,UCI327-01146,0,0.04883629152217898,0
1943,UCI327-06900,0,0.24593440590311058,0
1944,UCI327-02575,0,0.36764242319195006,0
1945,UCI327-05172,0,0.029628947042746125,0
1946,UCI327-01328,1,0.8672531915105507,1
1947,UCI327-05396,0,0.0351104255708682,0
1948,UCI327-06023,1,0.9369878977118583,1
1949,UCI327-11054,1,0.9850358215207993,1
1950,UCI327-02866,1,0.9898025161632378,1
1951,UCI327-09918,1,0.9818147425655184,1
1952,UCI327-08822,0,0.013846184420542541,0
1953,UCI327-00988,0,0.06802469593077791,0
1954,UCI327-08260,0,0.12102148115205068,0
1955,UCI327-05258,1,0.9949499348503209,1
1956,UCI327-03211,1,0.9867217478810275,1
1957,UCI327-08357,1,0.9416546284449377,1
1958,UCI327-01311,0,0.037847805533284026,0
1959,UCI327-05448,1,0.9294726780983623,1
1960,UCI327-11007,0,0.06072365393657389,0
1961,UCI327-08565,0,0.04698346841758779,0
1962,UCI327-05290,1,0.9717937050639569,1
1963,UCI327-06664,0,0.04289891220407667,0
1964,UCI327-09723,1,0.8271404405052478,1
1965,UCI327-00528,0,0.021209520561804363,0
1966,UCI327-08368,0,0.05195509718120405,0
1967,UCI327-01429,0,0.2934209196756246,0
1968,UCI327-08425,1,0.9706468370643505,1
1969,UCI327-09475,1,0.9476621757611527,1
1970,UCI327-06772,0,0.17948735321387785,0
1971,UCI327-05495,1,0.9828890876901789,1
1972,UCI327-06177,0,0.1579128433874963,0
1973,UCI327-00240,0,0.04446967996934038,0
1974,UCI327-06970,0,0.18664724910933955,0
1975,UCI327-05997,1,0.869730010112327,1
1976,UCI327-07330,1,0.659497337277976,1
1977,UCI327-07030,1,0.9856499613429744,1
1978,UCI327-06736,0,0.05647930799646022,0
1979,UCI327-09744,1,0.9566465353802808,1
1980,UCI327-03685,1,0.9885000251567676,1
1981,UCI327-01081,0,0.04384782103323994,0
1982,UCI327-05736,1,0.9483789982015216,1
1983,UCI327-08977,1,0.9846401771384278,1
1984,UCI327-01916,0,0.2032622603964582,0
1985,UCI327-00429,0,0.3924915029004374,0
1986,UCI327-06893,1,0.7330634254656748,1
1987,UCI327-00047,1,0.8254090199904832,1
1988,UCI327-05432,1,0.9600963833309403,1
1989,UCI327-02288,1,0.9604055446045972,1
1990,UCI327-00683,1,0.9920208877902905,1
1991,UCI327-06326,1,0.9430480614885389,1
1992,UCI327-06306,0,0.041357364083788824,0
1993,UCI327-09376,0,0.08650729512894023,0
1994,UCI327-03462,1,0.9902530660476975,1
1995,UCI327-07068,0,0.11653436484904849,0
1996,UCI327-06001,0,0.0456346336055457,0
1997,UCI327-01301,0,0.03162602447274677,0
1998,UCI327-06196,0,0.5280261679028707,1
1999,UCI327-07379,1,0.4809469361750932,0
