draw_id,event_id,label,score,prediction
0,UCI327-05748,0,0.05071736318222283,0
1,UCI327-00558,0,0.06329499333672185,0
2,UCI327-08481,1,0.42468185071439646,0
3,UCI327-05864,0,0.04168401914998977,0
4,UCI327-00882,0,0.4115229048671162,0
5,UCI327-09284,0,0.2459478401596523,0
6,UCI327-07463,0,0.07509408074482285,0
7,UCI327-06313,0,0.02802367225124536,0
8,UCI327-06147,1,0.15212640972154334,0
9,UCI327-00068,0,0.11663821518832536,0
10,UCI327-06696,0,0.01769608756886803,0
11,UCI327-02638,1,0.9920258711899873,1
12,UCI327-06437,0,0.016386927780220443,0
13,UCI327-00271,0,0.05377604397385085,0
14,UCI327-09176,0,0.04854804195461866,0
15,UCI327-00432,0,0.4454657696326303,0
16,UCI327-05196,1,0.609861836374447,1
17,UCI327-00670,0,0.07079858535191692,0
18,UCI327-08864,0,0.25603871986915067,0
19,UCI327-02559,0,0.29977895269599525,0
20,UCI327-09456,0,0.02084478375916391,0
21,UCI327-09452,0,0.05119707701956943,0
22,UCI327-02990,1,0.9144500476421517,1
23,UCI327-06311,1,0.9768393485883514,1
24,UCI327-05267,0,0.17401141667997097,0
25,UCI327-07189,0,0.480433742377849,0
26,UCI327-00129,1,0.4755270438389691,0
27,UCI327-05177,0,0.049541337055134055,0
28,UCI327-00543,0,0.11941418220876852,0
29,UCI327-05860,0,0.17028596146789624,0
30,UCI327-06277,0,0.0477932605262784,0
31,UCI327-09743,0,0.021118488584535446,0
32,UCI327-05983,0,0.07954087043098541,0
33,UCI327-00881,0,0.20803200525494409,0
34,UCI327-06630,0,0.11924532395769599,0
35,UCI327-02329,0,0.05048079621644252,0
36,UCI327-01454,1,0.8547448758517573,1
37,UCI327-00579,0,0.076581326080677,0
38,UCI327-10558,1,0.20913613820684313,0
39,UCI327-06809,0,0.235865976610286,0
40,UCI327-01629,1,0.3477414017030939,0
41,UCI327-05267,0,0.17401141667997097,0
42,UCI327-08655,0,0.034248108400641186,0
43,UCI327-01208,0,0.08483456221877717,0
44,UCI327-00698,0,0.14699479144312758,0
45,UCI327-08330,0,0.052786094028663536,0
46,UCI327-05620,0,0.050735672030957815,0
47,UCI327-08633,0,0.0620370061626701,0
48,UCI327-06558,0,0.027617637249345107,0
49,UCI327-09108,1,0.9884034913267948,1
50,UCI327-07475,0,0.10041670801459704,0
51,UCI327-00502,0,0.45220208650117716,0
52,UCI327-08167,1,0.30503743473778827,0
53,UCI327-07979,1,0.8674702228019797,1
54,UCI327-08199,0,0.23759036811765072,0
55,UCI327-02045,0,0.017845001349253313,0
56,UCI327-05328,1,0.9915092998147916,1
57,UCI327-06915,0,0.020814123377169546,0
58,UCI327-08014,0,0.1747012436628562,0
59,UCI327-03264,1,0.7542156134080841,1
60,UCI327-00510,0,0.09312820709814887,0
61,UCI327-07479,0,0.04635394329928484,0
62,UCI327-08360,1,0.19878175953334748,0
63,UCI327-02836,0,0.09032882022262155,0
64,UCI327-08655,0,0.034248108400641186,0
65,UCI327-07380,0,0.07881386921366289,0
66,UCI327-01412,0,0.09916853290303904,0
67,UCI327-02617,1,0.6099502980155008,1
68,UCI327-06028,0,0.01340578511181433,0
69,UCI327-09213,0,0.03920030499721723,0
70,UCI327-08726,0,0.026565546245648438,0
71,UCI327-00008,0,0.04624292633223141,0
72,UCI327-10714,1,0.9227179257404364,1
73,UCI327-08886,0,0.0388484836270973,0
74,UCI327-06175,1,0.9206157371637477,1
75,UCI327-09104,1,0.7159097523076436,1
76,UCI327-08259,0,0.10677142398568895,0
77,UCI327-08715,0,0.051812387204054296,0
78,UCI327-07009,0,0.06869820812338742,0
79,UCI327-07410,1,0.9725689998752591,1
80,UCI327-00893,0,0.17324643861666322,0
81,UCI327-06787,0,0.24500828399350041,0
82,UCI327-09605,0,0.0538376087514273,0
83,UCI327-07479,0,0.04635394329928484,0
84,UCI327-08842,1,0.9694828665768925,1
85,UCI327-02110,0,0.4092035235749793,0
86,UCI327-08302,0,0.03260257968607978,0
87,UCI327-06024,0,0.11328816122052467,0
88,UCI327-01358,1,0.913142031970183,1
89,UCI327-05860,0,0.17028596146789624,0
90,UCI327-00368,1,0.8694735138575093,1
91,UCI327-09798,0,0.03534213414220718,0
92,UCI327-01026,0,0.02063395521987556,0
93,UCI327-06858,1,0.9966102932634856,1
94,UCI327-10739,0,0.036111190292683705,0
95,UCI327-06242,0,0.15841175818339964,0
96,UCI327-06277,0,0.0477932605262784,0
97,UCI327-00999,0,0.12478392108125852,0
98,UCI327-09126,0,0.15241628644209432,0
99,UCI327-00402,0,0.04698447978691071,0
100,UCI327-05829,0,0.18234393405195046,0
101,UCI327-02998,1,0.9908113568037994,1
102,UCI327-01022,1,0.9677364253208496,1
103,UCI327-00432,0,0.4454657696326303,0
104,UCI327-03186,1,0.8108960137085136,1
105,UCI327-08949,0,0.08368397697341566,0
106,UCI327-08864,0,0.25603871986915067,0
107,UCI327-08946,0,0.0783518616260164,0
108,UCI327-06627,0,0.03851771322633634,0
109,UCI327-09345,1,0.9029911014911014,1
110,UCI327-08797,0,0.057269838355329866,0
111,UCI327-10558,1,0.20913613820684313,0
112,UCI327-06966,1,0.9129078977056255,1
113,UCI327-09827,0,0.08376821786688865,0
114,UCI327-06597,0,0.006478063949834207,0
115,UCI327-00776,0,0.039637759216606144,0
116,UCI327-09871,1,0.9939560590587394,1
117,UCI327-06901,1,0.6764943438265417,1
118,UCI327-05196,1,0.609861836374447,1
119,UCI327-00432,0,0.4454657696326303,0
120,UCI327-09087,0,0.02185802800315551,0
121,UCI327-01114,0,0.27729654614190813,0
122,UCI327-06242,0,0.15841175818339964,0
123,UCI327-09402,0,0.06851122530631208,0
124,UCI327-00881,0,0.20803200525494409,0
125,UCI327-09361,0,0.08962043415076099,0
126,UCI327-01560,0,0.027034983481338495,0
127,UCI327-00477,1,0.9896475922061535,1
128,UCI327-08364,1,0.07887376401677555,0
129,UCI327-08981,0,0.37625014673244717,0
130,UCI327-01412,0,0.09916853290303904,0
131,UCI327-06781,0,0.0638139157321992,0
132,UCI327-07399,0,0.061256221812440836,0
133,UCI327-05221,1,0.8988938716396919,1
134,UCI327-06043,1,0.9197420251862576,1
135,UCI327-01182,0,0.03365950468733901,0
136,UCI327-06678,1,0.8958170250146681,1
137,UCI327-05945,1,0.9824364660365137,1
138,UCI327-09284,0,0.2459478401596523,0
139,UCI327-05194,0,0.015270849157260905,0
140,UCI327-00084,0,0.030164757040275134,0
141,UCI327-01347,0,0.09784134787861659,0
142,UCI327-01026,0,0.02063395521987556,0
143,UCI327-10412,0,0.039706630721020555,0
144,UCI327-06745,0,0.021937469722513484,0
145,UCI327-05297,0,0.01722061880413892,0
146,UCI327-01419,1,0.8661783918994868,1
147,UCI327-05209,0,0.16462999714190402,0
148,UCI327-02230,0,0.04929837768144351,0
149,UCI327-03194,0,0.037167466580279536,0
150,UCI327-10580,0,0.20733144130623932,0
151,UCI327-07507,0,0.06951204920932708,0
152,UCI327-09344,1,0.9692863913984607,1
153,UCI327-00161,0,0.1455456023573508,0
154,UCI327-07334,1,0.9538914420105891,1
155,UCI327-10851,1,0.9857759064936361,1
156,UCI327-09116,1,0.8542051844824516,1
157,UCI327-08543,0,0.19650756740484077,0
158,UCI327-08364,1,0.07887376401677555,0
159,UCI327-00265,0,0.08590086884597493,0
160,UCI327-05516,0,0.07129694698244902,0
161,UCI327-08236,1,0.8487084542075394,1
162,UCI327-00424,0,0.1328075329554317,0
163,UCI327-03110,1,0.9958138847397854,1
164,UCI327-10064,0,0.048988137744283455,0
165,UCI327-02403,1,0.9099056000532761,1
166,UCI327-00826,0,0.036444258113388424,0
167,UCI327-06558,0,0.027617637249345107,0
168,UCI327-05759,0,0.055926216081203066,0
169,UCI327-08364,1,0.07887376401677555,0
170,UCI327-01114,0,0.27729654614190813,0
171,UCI327-05635,0,0.06820189061821798,0
172,UCI327-09543,0,0.11066516939706532,0
173,UCI327-00246,1,0.1211906407667295,0
174,UCI327-08545,1,0.9828633765558386,1
175,UCI327-07584,0,0.01976781958722189,0
176,UCI327-09158,0,0.03523225766985199,0
177,UCI327-07475,0,0.10041670801459704,0
178,UCI327-07909,0,0.22010384803717273,0
179,UCI327-09935,0,0.021749496204010583,0
180,UCI327-01819,0,0.10124036935236964,0
181,UCI327-00550,0,0.12396022584090773,0
182,UCI327-00725,0,0.28345899640106803,0
183,UCI327-08573,1,0.29926379494389393,0
184,UCI327-00605,0,0.03127272523238346,0
185,UCI327-10277,0,0.11374890811770838,0
186,UCI327-08408,0,0.022637964764350697,0
187,UCI327-07101,0,0.017820504469045127,0
188,UCI327-08387,0,0.8435146351847644,1
189,UCI327-05907,1,0.44623949481220326,0
190,UCI327-05571,0,0.01593728532130385,0
191,UCI327-06328,0,0.025625924625164363,0
192,UCI327-01819,0,0.10124036935236964,0
193,UCI327-09970,1,0.9623401220512032,1
194,UCI327-07144,0,0.11502582495397279,0
195,UCI327-03075,1,0.40522923020903284,0
196,UCI327-05430,0,0.0822233039256772,0
197,UCI327-09177,1,0.9710277223931876,1
198,UCI327-10412,0,0.039706630721020555,0
199,UCI327-00822,0,0.11098286716628468,0
200,UCI327-00631,0,0.023738282857393593,0
201,UCI327-01418,0,0.1831410483477893,0
202,UCI327-00822,0,0.11098286716628468,0
203,UCI327-05983,0,0.07954087043098541,0
204,UCI327-01996,1,0.7836958352574912,1
205,UCI327-07784,1,0.98720112071997,1
206,UCI327-01191,0,0.37592847291623843,0
207,UCI327-02590,1,0.9616894059039488,1
208,UCI327-06845,1,0.5468227216533463,1
209,UCI327-06876,1,0.3629026623351678,0
210,UCI327-01013,0,0.17331703270051663,0
211,UCI327-09573,0,0.13850648072263472,0
212,UCI327-01193,1,0.9899104486636425,1
213,UCI327-01629,1,0.3477414017030939,0
214,UCI327-00670,0,0.07079858535191692,0
215,UCI327-09853,0,0.2163362384650468,0
216,UCI327-08181,0,0.1368986745720963,0
217,UCI327-08809,1,0.35118792853867725,0
218,UCI327-00605,0,0.03127272523238346,0
219,UCI327-00186,0,0.1284619394121676,0
220,UCI327-00008,0,0.04624292633223141,0
221,UCI327-00605,0,0.03127272523238346,0
222,UCI327-06415,1,0.554790812875124,1
223,UCI327-06512,0,0.052959274302087626,0
224,UCI327-08201,0,0.09015730186033281,0
225,UCI327-05636,1,0.7077954866428339,1
226,UCI327-00550,0,0.12396022584090773,0
227,UCI327-09701,1,0.9755145372724905,1
228,UCI327-02473,0,0.08244435414559005,0
229,UCI327-06845,1,0.5468227216533463,1
230,UCI327-01926,0,0.10765444349351415,0
231,UCI327-00265,0,0.08590086884597493,0
232,UCI327-07028,1,0.9298993638732865,1
233,UCI327-08301,1,0.7974727783253753,1
234,UCI327-08789,0,0.02236147329609476,0
235,UCI327-08890,0,0.0973403058374052,0
236,UCI327-01254,1,0.9787891383180725,1
237,UCI327-06415,1,0.554790812875124,1
238,UCI327-00150,0,0.15877308946791854,0
239,UCI327-06018,0,0.10398564595816365,0
240,UCI327-06611,0,0.08989369021674352,0
241,UCI327-06043,1,0.9197420251862576,1
242,UCI327-07114,0,0.014792725543987303,0
243,UCI327-05475,1,0.8382520796720825,1
244,UCI327-08573,1,0.29926379494389393,0
245,UCI327-00351,0,0.24800676993072931,0
246,UCI327-02769,1,0.9874216304067984,1
247,UCI327-01162,1,0.923164745334875,1
248,UCI327-08347,0,0.4511641544058414,0
249,UCI327-08531,0,0.04398953082717341,0
250,UCI327-01442,0,0.04797760186825232,0
251,UCI327-10309,1,0.7551812133716461,1
252,UCI327-10078,0,0.020810403790632037,0
253,UCI327-06277,0,0.0477932605262784,0
254,UCI327-08282,0,0.0533711191071943,0
255,UCI327-02456,1,0.9057123902270593,1
256,UCI327-05840,0,0.02567483640848119,0
257,UCI327-07712,1,0.8990218888859295,1
258,UCI327-08946,0,0.0783518616260164,0
259,UCI327-00402,0,0.04698447978691071,0
260,UCI327-00412,0,0.03779234612125422,0
261,UCI327-09088,0,0.04587209895810592,0
262,UCI327-01583,1,0.25243345857828153,0
263,UCI327-00150,0,0.15877308946791854,0
264,UCI327-06313,0,0.02802367225124536,0
265,UCI327-08282,0,0.0533711191071943,0
266,UCI327-06946,1,0.9062221281030958,1
267,UCI327-10034,0,0.19635156248913993,0
268,UCI327-09355,0,0.03648257099628354,0
269,UCI327-06028,0,0.01340578511181433,0
270,UCI327-07189,0,0.480433742377849,0
271,UCI327-04683,1,0.9855968205294522,1
272,UCI327-00368,1,0.8694735138575093,1
273,UCI327-10981,1,0.8805404342770756,1
274,UCI327-11018,1,0.779946893906588,1
275,UCI327-06624,1,0.943536854528891,1
276,UCI327-06161,1,0.9146838802390737,1
277,UCI327-05740,0,0.028833270634481253,0
278,UCI327-08014,0,0.1747012436628562,0
279,UCI327-08962,0,0.0334034790422573,0
280,UCI327-10696,1,0.9741151189404319,1
281,UCI327-01003,0,0.15332673981943387,0
282,UCI327-08783,0,0.053453047366480176,0
283,UCI327-09534,0,0.026987260405315384,0
284,UCI327-05313,0,0.02087236286955789,0
285,UCI327-06802,0,0.019574054920546376,0
286,UCI327-01114,0,0.27729654614190813,0
287,UCI327-06243,1,0.9909412650453847,1
288,UCI327-08890,0,0.0973403058374052,0
289,UCI327-05839,0,0.01602209686340235,0
290,UCI327-05430,0,0.0822233039256772,0
291,UCI327-06277,0,0.0477932605262784,0
292,UCI327-06018,0,0.10398564595816365,0
293,UCI327-08408,0,0.022637964764350697,0
294,UCI327-02224,1,0.8708643250507404,1
295,UCI327-00119,0,0.0447659776290972,0
296,UCI327-08194,0,0.0836569584664677,0
297,UCI327-05356,1,0.9671145779129525,1
298,UCI327-02434,0,0.061357029999929834,0
299,UCI327-05321,0,0.1629209933081214,0
300,UCI327-00278,1,0.8773197215797939,1
301,UCI327-04005,1,0.9902543612704908,1
302,UCI327-07189,0,0.480433742377849,0
303,UCI327-01803,0,0.03669250222801112,0
304,UCI327-00165,0,0.03352179189129772,0
305,UCI327-07517,1,0.990517782331874,1
306,UCI327-09674,0,0.1455970181616856,0
307,UCI327-05505,1,0.9951300671014146,1
308,UCI327-09236,0,0.21341770728322917,0
309,UCI327-01358,1,0.913142031970183,1
310,UCI327-07479,0,0.04635394329928484,0
311,UCI327-02805,1,0.8497770362698395,1
312,UCI327-00752,0,0.24907971320588213,0
313,UCI327-07233,0,0.28813503125882056,0
314,UCI327-08871,1,0.9722407315200939,1
315,UCI327-08815,0,0.10825838803500286,0
316,UCI327-07101,0,0.017820504469045127,0
317,UCI327-02074,1,0.6507031218528264,1
318,UCI327-08573,1,0.29926379494389393,0
319,UCI327-05193,0,0.03264500451821098,0
320,UCI327-00062,0,0.11269723342337444,0
321,UCI327-05690,0,0.006573507718703365,0
322,UCI327-01392,1,0.982186431352826,1
323,UCI327-06836,0,0.4447905287749479,0
324,UCI327-00532,1,0.9200957033025284,1
325,UCI327-08171,0,0.2478201699035282,0
326,UCI327-01180,0,0.01564680147494155,0
327,UCI327-01981,1,0.4383259011556342,0
328,UCI327-08408,0,0.022637964764350697,0
329,UCI327-06341,0,0.17821801044907654,0
330,UCI327-06105,0,0.013904286756543182,0
331,UCI327-02489,0,0.175510458593979,0
332,UCI327-05490,0,0.047181022070452376,0
333,UCI327-08392,0,0.038003419917556285,0
334,UCI327-08171,0,0.2478201699035282,0
335,UCI327-00304,0,0.17083456476469144,0
336,UCI327-09368,0,0.041653226529646654,0
337,UCI327-05518,0,0.08391002489964551,0
338,UCI327-09132,1,0.9681285987040715,1
339,UCI327-05142,0,0.0401285382333734,0
340,UCI327-00532,1,0.9200957033025284,1
341,UCI327-03007,1,0.3967906158388327,0
342,UCI327-09208,0,0.09812000297887079,0
343,UCI327-05374,0,0.10516541567412553,0
344,UCI327-07009,0,0.06869820812338742,0
345,UCI327-08605,0,0.14335612700413297,0
346,UCI327-00237,0,0.027785487065674856,0
347,UCI327-09724,1,0.9951565466665852,1
348,UCI327-07086,1,0.9923349434921163,1
349,UCI327-07233,0,0.28813503125882056,0
350,UCI327-00999,0,0.12478392108125852,0
351,UCI327-00165,0,0.03352179189129772,0
352,UCI327-00658,1,0.9862076047177067,1
353,UCI327-00749,0,0.091489514175283,0
354,UCI327-09349,0,0.14456352895485644,0
355,UCI327-03425,1,0.5590489640419469,1
356,UCI327-07101,0,0.017820504469045127,0
357,UCI327-02908,1,0.8468848249820589,1
358,UCI327-05515,1,0.7684544213299096,1
359,UCI327-08236,1,0.8487084542075394,1
360,UCI327-05964,0,0.01801182830105795,0
361,UCI327-08574,0,0.1476630064420997,0
362,UCI327-10515,1,0.8744936743349783,1
363,UCI327-10530,0,0.07551430485801718,0
364,UCI327-05356,1,0.9671145779129525,1
365,UCI327-00258,0,0.13294638239031534,0
366,UCI327-02790,0,0.05522715396578771,0
367,UCI327-08574,0,0.1476630064420997,0
368,UCI327-06028,0,0.01340578511181433,0
369,UCI327-00543,0,0.11941418220876852,0
370,UCI327-01291,1,0.35570114691362764,0
371,UCI327-06472,0,0.07161747132484711,0
372,UCI327-05546,1,0.8471360207759079,1
373,UCI327-01110,1,0.9099773107009949,1
374,UCI327-09605,0,0.0538376087514273,0
375,UCI327-06745,0,0.021937469722513484,0
376,UCI327-08392,0,0.038003419917556285,0
377,UCI327-10078,0,0.020810403790632037,0
378,UCI327-08681,0,0.05980091792914418,0
379,UCI327-03194,0,0.037167466580279536,0
380,UCI327-09284,0,0.2459478401596523,0
381,UCI327-09361,0,0.08962043415076099,0
382,UCI327-05388,0,0.4362888369139407,0
383,UCI327-08408,0,0.022637964764350697,0
384,UCI327-08302,0,0.03260257968607978,0
385,UCI327-05965,0,0.12135590180433577,0
386,UCI327-05461,0,0.0219156802848405,0
387,UCI327-08223,1,0.7817714882499963,1
388,UCI327-01156,0,0.3430616627711889,0
389,UCI327-09007,0,0.09307125730990884,0
390,UCI327-10064,0,0.048988137744283455,0
391,UCI327-06941,1,0.977485888072733,1
392,UCI327-05493,0,0.03546353948474567,0
393,UCI327-07352,0,0.07106849838635669,0
394,UCI327-05964,0,0.01801182830105795,0
395,UCI327-01110,1,0.9099773107009949,1
396,UCI327-00516,0,0.33434441435327383,0
397,UCI327-06933,1,0.9853517550256043,1
398,UCI327-05504,1,0.9889804516016049,1
399,UCI327-05931,0,0.12808421367239867,0
400,UCI327-08685,0,0.18044784304112843,0
401,UCI327-05490,0,0.047181022070452376,0
402,UCI327-02619,0,0.028998160406365256,0
403,UCI327-09791,0,0.22429956568461054,0
404,UCI327-06472,0,0.07161747132484711,0
405,UCI327-10198,0,0.11557561471602185,0
406,UCI327-00768,1,0.782092260087788,1
407,UCI327-02883,0,0.3656869351023435,0
408,UCI327-02526,1,0.8478564065839141,1
409,UCI327-06472,0,0.07161747132484711,0
410,UCI327-01841,0,0.2971016374802727,0
411,UCI327-05374,0,0.10516541567412553,0
412,UCI327-06052,0,0.16729283959843452,0
413,UCI327-05759,0,0.055926216081203066,0
414,UCI327-02619,0,0.028998160406365256,0
415,UCI327-08194,0,0.0836569584664677,0
416,UCI327-02045,0,0.017845001349253313,0
417,UCI327-08886,0,0.0388484836270973,0
418,UCI327-00258,0,0.13294638239031534,0
419,UCI327-06128,0,0.07501270792095831,0
420,UCI327-07340,1,0.9482653540740168,1
421,UCI327-01926,0,0.10765444349351415,0
422,UCI327-09768,0,0.034175768384917184,0
423,UCI327-00351,0,0.24800676993072931,0
424,UCI327-01347,0,0.09784134787861659,0
425,UCI327-05632,0,0.16994307786586052,0
426,UCI327-05635,0,0.06820189061821798,0
427,UCI327-01528,0,0.02720617083744158,0
428,UCI327-07389,1,0.9932353942583314,1
429,UCI327-00806,1,0.9963050258876031,1
430,UCI327-00824,0,0.043819831084700736,0
431,UCI327-01191,0,0.37592847291623843,0
432,UCI327-08308,0,0.08852678052320485,0
433,UCI327-08682,0,0.08890853597755018,0
434,UCI327-09826,1,0.9844386125729795,1
435,UCI327-05335,0,0.22746941866666476,0
436,UCI327-09543,0,0.11066516939706532,0
437,UCI327-07234,0,0.02482211137749758,0
438,UCI327-01942,1,0.6966159571204968,1
439,UCI327-02528,0,0.3619026257125369,0
440,UCI327-10103,0,0.15356239672170666,0
441,UCI327-01129,0,0.1458291794988919,0
442,UCI327-08946,0,0.0783518616260164,0
443,UCI327-05338,1,0.8756258136248911,1
444,UCI327-06574,0,0.07786164006010284,0
445,UCI327-06105,0,0.013904286756543182,0
446,UCI327-02232,0,0.0205953128471958,0
447,UCI327-05142,0,0.0401285382333734,0
448,UCI327-10448,0,0.09560614841154828,0
449,UCI327-09355,0,0.03648257099628354,0
450,UCI327-00918,1,0.39113927460250647,0
451,UCI327-00550,0,0.12396022584090773,0
452,UCI327-10078,0,0.020810403790632037,0
453,UCI327-08682,0,0.08890853597755018,0
454,UCI327-08715,0,0.051812387204054296,0
455,UCI327-00008,0,0.04624292633223141,0
456,UCI327-10187,0,0.02723694492616402,0
457,UCI327-09147,0,0.08270182131235197,0
458,UCI327-07234,0,0.02482211137749758,0
459,UCI327-05136,0,0.06578538461286212,0
460,UCI327-05288,1,0.8992503228385663,1
461,UCI327-02617,1,0.6099502980155008,1
462,UCI327-06024,0,0.11328816122052467,0
463,UCI327-05740,0,0.028833270634481253,0
464,UCI327-07511,1,0.9749165306457156,1
465,UCI327-09104,1,0.7159097523076436,1
466,UCI327-05297,0,0.01722061880413892,0
467,UCI327-05194,0,0.015270849157260905,0
468,UCI327-01110,1,0.9099773107009949,1
469,UCI327-08679,0,0.06930577985482843,0
470,UCI327-10198,0,0.11557561471602185,0
471,UCI327-08379,1,0.7487928975985952,1
472,UCI327-08529,1,0.9685124122911483,1
473,UCI327-06052,0,0.16729283959843452,0
474,UCI327-05740,0,0.028833270634481253,0
475,UCI327-07312,0,0.0830778746642404,0
476,UCI327-08014,0,0.1747012436628562,0
477,UCI327-08308,0,0.08852678052320485,0
478,UCI327-10552,0,0.15711616599433958,0
479,UCI327-08292,0,0.16001379666968737,0
480,UCI327-01291,1,0.35570114691362764,0
481,UCI327-06876,1,0.3629026623351678,0
482,UCI327-00906,1,0.9945357458533111,1
483,UCI327-10279,1,0.9363925445626068,1
484,UCI327-09231,0,0.016894770386293785,0
485,UCI327-00418,1,0.7980610713544228,1
486,UCI327-05493,0,0.03546353948474567,0
487,UCI327-01463,0,0.3013091778980836,0
488,UCI327-08199,0,0.23759036811765072,0
489,UCI327-05964,0,0.01801182830105795,0
490,UCI327-02230,0,0.04929837768144351,0
491,UCI327-10302,0,0.1378279614303263,0
492,UCI327-02434,0,0.061357029999929834,0
493,UCI327-00609,0,0.48173136164684244,0
494,UCI327-08308,0,0.08852678052320485,0
495,UCI327-06990,0,0.10193331271665776,0
496,UCI327-06990,0,0.10193331271665776,0
497,UCI327-00558,0,0.06329499333672185,0
498,UCI327-01804,1,0.428756073966812,0
499,UCI327-02456,1,0.9057123902270593,1
500,UCI327-05231,1,0.9916615342756434,1
501,UCI327-00432,0,0.4454657696326303,0
502,UCI327-00637,0,0.17213029470060787,0
503,UCI327-06046,0,0.7069101405837157,1
504,UCI327-06644,0,0.06331700677159408,0
505,UCI327-02804,1,0.16753381007576137,0
506,UCI327-03425,1,0.5590489640419469,1
507,UCI327-06781,0,0.0638139157321992,0
508,UCI327-03075,1,0.40522923020903284,0
509,UCI327-00768,1,0.782092260087788,1
510,UCI327-00768,1,0.782092260087788,1
511,UCI327-10160,0,0.23978561796980696,0
512,UCI327-08880,1,0.8859823195600345,1
513,UCI327-07584,0,0.01976781958722189,0
514,UCI327-07129,0,0.05366312001389805,0
515,UCI327-01114,0,0.27729654614190813,0
516,UCI327-01463,0,0.3013091778980836,0
517,UCI327-07114,0,0.014792725543987303,0
518,UCI327-07082,1,0.7724217628989115,1
519,UCI327-00149,0,0.14852166097510067,0
520,UCI327-02520,0,0.41429278166079153,0
521,UCI327-00161,0,0.1455456023573508,0
522,UCI327-05801,0,0.1662220557330044,0
523,UCI327-08292,0,0.16001379666968737,0
524,UCI327-08633,0,0.0620370061626701,0
525,UCI327-08330,0,0.052786094028663536,0
526,UCI327-09743,0,0.021118488584535446,0
527,UCI327-06734,0,0.24316442298975985,0
528,UCI327-00897,0,0.034218459548689066,0
529,UCI327-05504,1,0.9889804516016049,1
530,UCI327-08715,0,0.051812387204054296,0
531,UCI327-00028,0,0.029871398283506417,0
532,UCI327-05349,0,0.08352739897880315,0
533,UCI327-06734,0,0.24316442298975985,0
534,UCI327-11002,0,0.012325005661110564,0
535,UCI327-05529,0,0.06861081411213786,0
536,UCI327-02172,0,0.143238741509756,0
537,UCI327-02489,0,0.175510458593979,0
538,UCI327-08815,0,0.10825838803500286,0
539,UCI327-01463,0,0.3013091778980836,0
540,UCI327-08440,0,0.024913005218498045,0
541,UCI327-02520,0,0.41429278166079153,0
542,UCI327-10904,0,0.02313004067904124,0
543,UCI327-05860,0,0.17028596146789624,0
544,UCI327-09972,1,0.18031321186355356,0
545,UCI327-01339,1,0.7950409104129109,1
546,UCI327-00842,0,0.044121233003764894,0
547,UCI327-05863,1,0.9953256685412903,1
548,UCI327-09000,1,0.9045109236621607,1
549,UCI327-00092,0,0.07372628531762183,0
550,UCI327-06996,1,0.8385453565681644,1
551,UCI327-08626,0,0.037944675496008044,0
552,UCI327-07005,0,0.3812862370132655,0
553,UCI327-06437,0,0.016386927780220443,0
554,UCI327-08181,0,0.1368986745720963,0
555,UCI327-00093,1,0.9792479665248592,1
556,UCI327-06352,1,0.9781191950740536,1
557,UCI327-09507,0,0.14775304456637955,0
558,UCI327-05635,0,0.06820189061821798,0
559,UCI327-09616,0,0.014336978499044434,0
560,UCI327-09212,1,0.9919070361880794,1
561,UCI327-01418,0,0.1831410483477893,0
562,UCI327-02511,0,0.22231691384903499,0
563,UCI327-05538,1,0.9470941289560851,1
564,UCI327-08201,0,0.09015730186033281,0
565,UCI327-09507,0,0.14775304456637955,0
566,UCI327-09543,0,0.11066516939706532,0
567,UCI327-07561,0,0.026417899853674605,0
568,UCI327-08605,0,0.14335612700413297,0
569,UCI327-00752,0,0.24907971320588213,0
570,UCI327-10160,0,0.23978561796980696,0
571,UCI327-07399,0,0.061256221812440836,0
572,UCI327-00714,1,0.6948503963276416,1
573,UCI327-02690,1,0.97877549397785,1
574,UCI327-02050,0,0.07838130567325925,0
575,UCI327-05349,0,0.08352739897880315,0
576,UCI327-10124,1,0.7034270919313307,1
577,UCI327-01003,0,0.15332673981943387,0
578,UCI327-08408,0,0.022637964764350697,0
579,UCI327-09724,1,0.9951565466665852,1
580,UCI327-05842,0,0.045887329526396646,0
581,UCI327-06655,0,0.11104546291911725,0
582,UCI327-04683,1,0.9855968205294522,1
583,UCI327-03264,1,0.7542156134080841,1
584,UCI327-00776,0,0.039637759216606144,0
585,UCI327-09355,0,0.03648257099628354,0
586,UCI327-06427,0,0.035061576506021694,0
587,UCI327-05430,0,0.0822233039256772,0
588,UCI327-06410,1,0.7974208143701258,1
589,UCI327-00670,0,0.07079858535191692,0
590,UCI327-01841,0,0.2971016374802727,0
591,UCI327-02466,0,0.14762887811576378,0
592,UCI327-02049,0,0.04261901430233447,0
593,UCI327-00057,0,0.045835816493010446,0
594,UCI327-09776,1,0.625061015040323,1
595,UCI327-08365,1,0.6407983382228616,1
596,UCI327-01996,1,0.7836958352574912,1
597,UCI327-05334,0,0.052260542902229486,0
598,UCI327-00918,1,0.39113927460250647,0
599,UCI327-01094,1,0.9894979330145645,1
600,UCI327-00698,0,0.14699479144312758,0
601,UCI327-08880,1,0.8859823195600345,1
602,UCI327-06516,0,0.3189226840869181,0
603,UCI327-06128,0,0.07501270792095831,0
604,UCI327-10003,0,0.09100332559531449,0
605,UCI327-11018,1,0.779946893906588,1
606,UCI327-00161,0,0.1455456023573508,0
607,UCI327-05808,0,0.2529254040146903,0
608,UCI327-00062,0,0.11269723342337444,0
609,UCI327-00025,0,0.10086004757115073,0
610,UCI327-08783,0,0.053453047366480176,0
611,UCI327-08633,0,0.0620370061626701,0
612,UCI327-00752,0,0.24907971320588213,0
613,UCI327-09235,0,0.08734949450291027,0
614,UCI327-09208,0,0.09812000297887079,0
615,UCI327-08715,0,0.051812387204054296,0
616,UCI327-01666,0,0.11932652950742667,0
617,UCI327-00412,0,0.03779234612125422,0
618,UCI327-00063,1,0.3577660613046765,0
619,UCI327-01095,1,0.9793263923115602,1
620,UCI327-08360,1,0.19878175953334748,0
621,UCI327-09935,0,0.021749496204010583,0
622,UCI327-07129,0,0.05366312001389805,0
623,UCI327-09674,0,0.1455970181616856,0
624,UCI327-00637,0,0.17213029470060787,0
625,UCI327-00375,0,0.37950398696045246,0
626,UCI327-01495,0,0.03774476655318244,0
627,UCI327-05196,1,0.609861836374447,1
628,UCI327-08266,0,0.008126288272989935,0
629,UCI327-00119,0,0.0447659776290972,0
630,UCI327-01194,0,0.039061092638108856,0
631,UCI327-06052,0,0.16729283959843452,0
632,UCI327-10180,1,0.9750048703192858,1
633,UCI327-09179,0,0.022155281193450657,0
634,UCI327-07063,0,0.039104025160499455,0
635,UCI327-06994,0,0.024422801805200726,0
636,UCI327-09616,0,0.014336978499044434,0
637,UCI327-00062,0,0.11269723342337444,0
638,UCI327-00216,0,0.13305879385535818,0
639,UCI327-01454,1,0.8547448758517573,1
640,UCI327-00282,0,0.16866796068114503,0
641,UCI327-07005,0,0.3812862370132655,0
642,UCI327-08769,0,0.0479762053572446,0
643,UCI327-08264,1,0.9871238734068102,1
644,UCI327-00432,0,0.4454657696326303,0
645,UCI327-08308,0,0.08852678052320485,0
646,UCI327-00186,0,0.1284619394121676,0
647,UCI327-05516,0,0.07129694698244902,0
648,UCI327-10064,0,0.048988137744283455,0
649,UCI327-06919,1,0.9767763308599444,1
650,UCI327-08962,0,0.0334034790422573,0
651,UCI327-02617,1,0.6099502980155008,1
652,UCI327-01954,1,0.9664401217559124,1
653,UCI327-09972,1,0.18031321186355356,0
654,UCI327-00766,0,0.09478438746051027,0
655,UCI327-06762,0,0.8351068302186679,1
656,UCI327-00768,1,0.782092260087788,1
657,UCI327-08633,0,0.0620370061626701,0
658,UCI327-02456,1,0.9057123902270593,1
659,UCI327-00237,0,0.027785487065674856,0
660,UCI327-09088,0,0.04587209895810592,0
661,UCI327-03075,1,0.40522923020903284,0
662,UCI327-00752,0,0.24907971320588213,0
663,UCI327-02804,1,0.16753381007576137,0
664,UCI327-09307,0,0.02639004966724639,0
665,UCI327-02520,0,0.41429278166079153,0
666,UCI327-08871,1,0.9722407315200939,1
667,UCI327-09284,0,0.2459478401596523,0
668,UCI327-06516,0,0.3189226840869181,0
669,UCI327-05410,0,0.30774980607404284,0
670,UCI327-05493,0,0.03546353948474567,0
671,UCI327-06611,0,0.08989369021674352,0
672,UCI327-00351,0,0.24800676993072931,0
673,UCI327-01463,0,0.3013091778980836,0
674,UCI327-03308,1,0.9869710851641089,1
675,UCI327-06627,0,0.03851771322633634,0
676,UCI327-08353,0,0.11971231679093601,0
677,UCI327-10277,0,0.11374890811770838,0
678,UCI327-02096,1,0.7145096675314415,1
679,UCI327-06144,0,0.024328643978837848,0
680,UCI327-08171,0,0.2478201699035282,0
681,UCI327-05292,0,0.04884620055289519,0
682,UCI327-00202,0,0.06565803490486607,0
683,UCI327-01412,0,0.09916853290303904,0
684,UCI327-08526,0,0.06608005003123192,0
685,UCI327-02473,0,0.08244435414559005,0
686,UCI327-06000,1,0.9937375753560872,1
687,UCI327-06502,1,0.9352010166484328,1
688,UCI327-08682,0,0.08890853597755018,0
689,UCI327-08216,0,0.27072076946228835,0
690,UCI327-10655,0,0.03849065539284266,0
691,UCI327-06611,0,0.08989369021674352,0
692,UCI327-05374,0,0.10516541567412553,0
693,UCI327-00119,0,0.0447659776290972,0
694,UCI327-02511,0,0.22231691384903499,0
695,UCI327-08682,0,0.08890853597755018,0
696,UCI327-09368,0,0.041653226529646654,0
697,UCI327-07101,0,0.017820504469045127,0
698,UCI327-05525,0,0.035580689582833766,0
699,UCI327-06370,0,0.09981652546025498,0
700,UCI327-05347,0,0.024904073394130255,0
701,UCI327-09743,0,0.021118488584535446,0
702,UCI327-02049,0,0.04261901430233447,0
703,UCI327-00550,0,0.12396022584090773,0
704,UCI327-08665,0,0.0306074472072992,0
705,UCI327-06533,0,0.125909463382318,0
706,UCI327-06045,0,0.44557309716262683,0
707,UCI327-00637,0,0.17213029470060787,0
708,UCI327-08408,0,0.022637964764350697,0
709,UCI327-09999,0,0.0817762944213197,0
710,UCI327-00685,0,0.0354427137521034,0
711,UCI327-00613,0,0.38396225419450936,0
712,UCI327-00728,1,0.9591770918458518,1
713,UCI327-07234,0,0.02482211137749758,0
714,UCI327-09590,0,0.06543526897236417,0
715,UCI327-06128,0,0.07501270792095831,0
716,UCI327-05267,0,0.17401141667997097,0
717,UCI327-10637,1,0.9852308684293679,1
718,UCI327-06836,0,0.4447905287749479,0
719,UCI327-10432,0,0.07919952438906945,0
720,UCI327-07049,0,0.4992095432459284,0
721,UCI327-06161,1,0.9146838802390737,1
722,UCI327-08364,1,0.07887376401677555,0
723,UCI327-05507,0,0.15856621718624897,0
724,UCI327-01667,0,0.13467842620640927,0
725,UCI327-02619,0,0.028998160406365256,0
726,UCI327-06379,1,0.9867619163209661,1
727,UCI327-08259,0,0.10677142398568895,0
728,UCI327-08302,0,0.03260257968607978,0
729,UCI327-00557,1,0.9945388146706441,1
730,UCI327-02489,0,0.175510458593979,0
731,UCI327-05571,0,0.01593728532130385,0
732,UCI327-05676,1,0.8460713195981368,1
733,UCI327-06928,0,0.0923655692948438,0
734,UCI327-00537,0,0.6231717689983304,1
735,UCI327-08981,0,0.37625014673244717,0
736,UCI327-06472,0,0.07161747132484711,0
737,UCI327-07597,1,0.9695405682087501,1
738,UCI327-08981,0,0.37625014673244717,0
739,UCI327-00092,0,0.07372628531762183,0
740,UCI327-05786,1,0.979696870710546,1
741,UCI327-08308,0,0.08852678052320485,0
742,UCI327-11021,1,0.9585859268495381,1
743,UCI327-07122,0,0.4265805834222181,0
744,UCI327-06028,0,0.01340578511181433,0
745,UCI327-07122,0,0.4265805834222181,0
746,UCI327-00631,0,0.023738282857393593,0
747,UCI327-10556,0,0.16661424286916537,0
748,UCI327-05490,0,0.047181022070452376,0
749,UCI327-06678,1,0.8958170250146681,1
750,UCI327-06787,0,0.24500828399350041,0
751,UCI327-07380,0,0.07881386921366289,0
752,UCI327-08767,0,0.032305207550770515,0
753,UCI327-06845,1,0.5468227216533463,1
754,UCI327-01454,1,0.8547448758517573,1
755,UCI327-03186,1,0.8108960137085136,1
756,UCI327-08266,0,0.008126288272989935,0
757,UCI327-02608,1,0.8200161269529367,1
758,UCI327-05840,0,0.02567483640848119,0
759,UCI327-06845,1,0.5468227216533463,1
760,UCI327-02498,0,0.036879465133392575,0
761,UCI327-07789,1,0.9595225313372627,1
762,UCI327-06111,0,0.0465650562547727,0
763,UCI327-01011,1,0.5744849677067472,1
764,UCI327-07380,0,0.07881386921366289,0
765,UCI327-07009,0,0.06869820812338742,0
766,UCI327-00063,1,0.3577660613046765,0
767,UCI327-09088,0,0.04587209895810592,0
768,UCI327-08233,0,0.03340026395036883,0
769,UCI327-08769,0,0.0479762053572446,0
770,UCI327-05585,0,0.03034311580443604,0
771,UCI327-07942,1,0.8389765184732503,1
772,UCI327-01804,1,0.428756073966812,0
773,UCI327-00246,1,0.1211906407667295,0
774,UCI327-08209,0,0.016144947803942617,0
775,UCI327-08668,0,0.08540596014058728,0
776,UCI327-10085,0,0.12013631674632684,0
777,UCI327-07838,0,0.06347629454117437,0
778,UCI327-01291,1,0.35570114691362764,0
779,UCI327-06477,0,0.1753947514090374,0
780,UCI327-00709,0,0.1202716446142439,0
781,UCI327-10841,0,0.1333339672051143,0
782,UCI327-00752,0,0.24907971320588213,0
783,UCI327-10432,0,0.07919952438906945,0
784,UCI327-03191,1,0.9322233265110547,1
785,UCI327-07189,0,0.480433742377849,0
786,UCI327-00248,1,0.891428705976552,1
787,UCI327-08573,1,0.29926379494389393,0
788,UCI327-09176,0,0.04854804195461866,0
789,UCI327-09828,0,0.35115172932750094,0
790,UCI327-09307,0,0.02639004966724639,0
791,UCI327-00688,0,0.25845094364281357,0
792,UCI327-10432,0,0.07919952438906945,0
793,UCI327-06110,0,0.018779792457212185,0
794,UCI327-10164,1,0.974748099737633,1
795,UCI327-05620,0,0.050735672030957815,0
796,UCI327-06275,0,0.009627771301535084,0
797,UCI327-06472,0,0.07161747132484711,0
798,UCI327-09208,0,0.09812000297887079,0
799,UCI327-01189,0,0.33125436493628907,0
800,UCI327-00725,0,0.28345899640106803,0
801,UCI327-07838,0,0.06347629454117437,0
802,UCI327-05251,0,0.35001033929456804,0
803,UCI327-00276,0,0.08897581316716886,0
804,UCI327-00137,0,0.10565588213242406,0
805,UCI327-02511,0,0.22231691384903499,0
806,UCI327-06644,0,0.06331700677159408,0
807,UCI327-10704,1,0.8963556764389637,1
808,UCI327-00776,0,0.039637759216606144,0
809,UCI327-09147,0,0.08270182131235197,0
810,UCI327-09949,0,0.008496590322569893,0
811,UCI327-05647,0,0.049219152445551424,0
812,UCI327-01265,1,0.9837295167728776,1
813,UCI327-07584,0,0.01976781958722189,0
814,UCI327-07479,0,0.04635394329928484,0
815,UCI327-10831,1,0.8298732561914971,1
816,UCI327-06934,0,0.02078843749651769,0
817,UCI327-00155,0,0.13951666925379894,0
818,UCI327-06787,0,0.24500828399350041,0
819,UCI327-06533,0,0.125909463382318,0
820,UCI327-05748,0,0.05071736318222283,0
821,UCI327-09367,1,0.9502070218558724,1
822,UCI327-01011,1,0.5744849677067472,1
823,UCI327-09007,0,0.09307125730990884,0
824,UCI327-09573,0,0.13850648072263472,0
825,UCI327-05316,1,0.7262816981549911,1
826,UCI327-06024,0,0.11328816122052467,0
827,UCI327-02559,0,0.29977895269599525,0
828,UCI327-01996,1,0.7836958352574912,1
829,UCI327-00637,0,0.17213029470060787,0
830,UCI327-09007,0,0.09307125730990884,0
831,UCI327-05430,0,0.0822233039256772,0
832,UCI327-01114,0,0.27729654614190813,0
833,UCI327-06574,0,0.07786164006010284,0
834,UCI327-08379,1,0.7487928975985952,1
835,UCI327-00271,0,0.05377604397385085,0
836,UCI327-08543,0,0.19650756740484077,0
837,UCI327-08801,1,0.8288959498457622,1
838,UCI327-07215,0,0.02020448668320081,0
839,UCI327-01029,1,0.9197887185003143,1
840,UCI327-02466,0,0.14762887811576378,0
841,UCI327-08595,1,0.9888194653705525,1
842,UCI327-09573,0,0.13850648072263472,0
843,UCI327-09349,0,0.14456352895485644,0
844,UCI327-08392,0,0.038003419917556285,0
845,UCI327-06621,0,0.11969753663917147,0
846,UCI327-08171,0,0.2478201699035282,0
847,UCI327-00613,0,0.38396225419450936,0
848,UCI327-09349,0,0.14456352895485644,0
849,UCI327-07838,0,0.06347629454117437,0
850,UCI327-09088,0,0.04587209895810592,0
851,UCI327-09323,0,0.04994644898566752,0
852,UCI327-00092,0,0.07372628531762183,0
853,UCI327-08364,1,0.07887376401677555,0
854,UCI327-00569,0,0.01858149373969859,0
855,UCI327-00083,0,0.053751472541041484,0
856,UCI327-01926,0,0.10765444349351415,0
857,UCI327-00351,0,0.24800676993072931,0
858,UCI327-06933,1,0.9853517550256043,1
859,UCI327-08665,0,0.0306074472072992,0
860,UCI327-06502,1,0.9352010166484328,1
861,UCI327-00092,0,0.07372628531762183,0
862,UCI327-06193,1,0.987192908693877,1
863,UCI327-10099,1,0.9428012266685818,1
864,UCI327-00679,0,0.019422915643002567,0
865,UCI327-00918,1,0.39113927460250647,0
866,UCI327-00611,0,0.06534678792313353,0
867,UCI327-08500,0,0.03949236767342032,0
868,UCI327-00041,0,0.24813908558088385,0
869,UCI327-06599,1,0.9372547622135802,1
870,UCI327-06286,0,0.23403262818825268,0
871,UCI327-07334,1,0.9538914420105891,1
872,UCI327-07584,0,0.01976781958722189,0
873,UCI327-07475,0,0.10041670801459704,0
874,UCI327-09355,0,0.03648257099628354,0
875,UCI327-07517,1,0.990517782331874,1
876,UCI327-09110,0,0.03759560329151123,0
877,UCI327-08726,0,0.026565546245648438,0
878,UCI327-05801,0,0.1662220557330044,0
879,UCI327-00202,0,0.06565803490486607,0
880,UCI327-11048,0,0.3311607326385306,0
881,UCI327-01339,1,0.7950409104129109,1
882,UCI327-06915,0,0.020814123377169546,0
883,UCI327-00781,0,0.061794002235598576,0
884,UCI327-07081,0,0.02054882752596178,0
885,UCI327-00418,1,0.7980610713544228,1
886,UCI327-01220,1,0.9840992088623107,1
887,UCI327-02460,0,0.3098933827078019,0
888,UCI327-00502,0,0.45220208650117716,0
889,UCI327-00824,0,0.043819831084700736,0
890,UCI327-00008,0,0.04624292633223141,0
891,UCI327-00432,0,0.4454657696326303,0
892,UCI327-09456,0,0.02084478375916391,0
893,UCI327-00679,0,0.019422915643002567,0
894,UCI327-05165,1,0.8095958297159682,1
895,UCI327-00882,0,0.4115229048671162,0
896,UCI327-08531,0,0.04398953082717341,0
897,UCI327-07205,1,0.9904757877925058,1
898,UCI327-00826,0,0.036444258113388424,0
899,UCI327-08500,0,0.03949236767342032,0
900,UCI327-09674,0,0.1455970181616856,0
901,UCI327-10530,0,0.07551430485801718,0
902,UCI327-10500,1,0.30492664455898655,0
903,UCI327-08880,1,0.8859823195600345,1
904,UCI327-09935,0,0.021749496204010583,0
905,UCI327-02790,0,0.05522715396578771,0
906,UCI327-02084,1,0.9809037820080494,1
907,UCI327-02524,0,0.024721792275855782,0
908,UCI327-07312,0,0.0830778746642404,0
909,UCI327-05502,0,0.259673469502054,0
910,UCI327-06556,0,0.047153683914597865,0
911,UCI327-01841,0,0.2971016374802727,0
912,UCI327-05730,0,0.023440898124839425,0
913,UCI327-08194,0,0.0836569584664677,0
914,UCI327-06834,0,0.416136132225344,0
915,UCI327-08682,0,0.08890853597755018,0
916,UCI327-07352,0,0.07106849838635669,0
917,UCI327-00611,0,0.06534678792313353,0
918,UCI327-09158,0,0.03523225766985199,0
919,UCI327-07005,0,0.3812862370132655,0
920,UCI327-09349,0,0.14456352895485644,0
921,UCI327-09853,0,0.2163362384650468,0
922,UCI327-00216,0,0.13305879385535818,0
923,UCI327-05840,0,0.02567483640848119,0
924,UCI327-05177,0,0.049541337055134055,0
925,UCI327-02526,1,0.8478564065839141,1
926,UCI327-09222,1,0.9896083522229859,1
927,UCI327-06318,0,0.04726982131666434,0
928,UCI327-01463,0,0.3013091778980836,0
929,UCI327-05591,1,0.9360927219528049,1
930,UCI327-09729,0,0.1910069330388308,0
931,UCI327-03194,0,0.037167466580279536,0
932,UCI327-02511,0,0.22231691384903499,0
933,UCI327-05801,0,0.1662220557330044,0
934,UCI327-08888,0,0.08977504487808474,0
935,UCI327-06678,1,0.8958170250146681,1
936,UCI327-00275,0,0.16603912126943154,0
937,UCI327-05136,0,0.06578538461286212,0
938,UCI327-06477,0,0.1753947514090374,0
939,UCI327-01583,1,0.25243345857828153,0
940,UCI327-09575,0,0.04034014928835652,0
941,UCI327-06028,0,0.01340578511181433,0
942,UCI327-07592,0,0.06098336405950136,0
943,UCI327-10034,0,0.19635156248913993,0
944,UCI327-00558,0,0.06329499333672185,0
945,UCI327-00977,1,0.9851726495159224,1
946,UCI327-02045,0,0.017845001349253313,0
947,UCI327-01819,0,0.10124036935236964,0
948,UCI327-06477,0,0.1753947514090374,0
949,UCI327-00214,0,0.02746428994325841,0
950,UCI327-10463,1,0.7930984341193474,1
951,UCI327-09402,0,0.06851122530631208,0
952,UCI327-01162,1,0.923164745334875,1
953,UCI327-09590,0,0.06543526897236417,0
954,UCI327-00237,0,0.027785487065674856,0
955,UCI327-07122,0,0.4265805834222181,0
956,UCI327-05388,0,0.4362888369139407,0
957,UCI327-10532,0,0.1380238626314997,0
958,UCI327-06229,0,0.1346886402333623,0
959,UCI327-10904,0,0.02313004067904124,0
960,UCI327-00041,0,0.24813908558088385,0
961,UCI327-01418,0,0.1831410483477893,0
962,UCI327-05160,0,0.04753640257805834,0
963,UCI327-05321,0,0.1629209933081214,0
964,UCI327-09361,0,0.08962043415076099,0
965,UCI327-06067,0,0.01731052065282952,0
966,UCI327-01029,1,0.9197887185003143,1
967,UCI327-08622,1,0.7811173851472414,1
968,UCI327-01194,0,0.039061092638108856,0
969,UCI327-02466,0,0.14762887811576378,0
970,UCI327-06314,1,0.9862364434033741,1
971,UCI327-10477,0,0.10272349744033074,0
972,UCI327-08500,0,0.03949236767342032,0
973,UCI327-05147,1,0.9851309511203222,1
974,UCI327-03007,1,0.3967906158388327,0
975,UCI327-06154,1,0.9725546902486516,1
976,UCI327-07129,0,0.05366312001389805,0
977,UCI327-01013,0,0.17331703270051663,0
978,UCI327-07592,0,0.06098336405950136,0
979,UCI327-09094,0,0.07474927754425618,0
980,UCI327-06590,1,0.9472263248190765,1
981,UCI327-10348,1,0.9757145604667744,1
982,UCI327-08574,0,0.1476630064420997,0
983,UCI327-06836,0,0.4447905287749479,0
984,UCI327-07334,1,0.9538914420105891,1
985,UCI327-05283,1,0.5834161420765074,1
986,UCI327-00602,0,0.11867391545407678,0
987,UCI327-09491,0,0.18275664036054254,0
988,UCI327-06487,0,0.15100954360813834,0
989,UCI327-08809,1,0.35118792853867725,0
990,UCI327-01442,0,0.04797760186825232,0
991,UCI327-08797,0,0.057269838355329866,0
992,UCI327-01804,1,0.428756073966812,0
993,UCI327-00150,0,0.15877308946791854,0
994,UCI327-01208,0,0.08483456221877717,0
995,UCI327-05507,0,0.15856621718624897,0
996,UCI327-05493,0,0.03546353948474567,0
997,UCI327-06401,0,0.12122889224762266,0
998,UCI327-08481,1,0.42468185071439646,0
999,UCI327-00897,0,0.034218459548689066,0
1000,UCI327-06076,0,0.19291343844154688,0
1001,UCI327-09087,0,0.02185802800315551,0
1002,UCI327-09110,0,0.03759560329151123,0
1003,UCI327-00609,0,0.48173136164684244,0
1004,UCI327-09110,0,0.03759560329151123,0
1005,UCI327-01666,0,0.11932652950742667,0
1006,UCI327-05860,0,0.17028596146789624,0
1007,UCI327-06784,0,0.025147159451673753,0
1008,UCI327-05525,0,0.035580689582833766,0
1009,UCI327-07111,0,0.04743835201961459,0
1010,UCI327-08842,1,0.9694828665768925,1
1011,UCI327-02230,0,0.04929837768144351,0
1012,UCI327-01850,1,0.980319133000331,1
1013,UCI327-05919,0,0.15381997508540676,0
1014,UCI327-00558,0,0.06329499333672185,0
1015,UCI327-00202,0,0.06565803490486607,0
1016,UCI327-06514,0,0.03697592250412302,0
1017,UCI327-05430,0,0.0822233039256772,0
1018,UCI327-06784,0,0.025147159451673753,0
1019,UCI327-09368,0,0.041653226529646654,0
1020,UCI327-06990,0,0.10193331271665776,0
1021,UCI327-10412,0,0.039706630721020555,0
1022,UCI327-10532,0,0.1380238626314997,0
1023,UCI327-05335,0,0.22746941866666476,0
1024,UCI327-10358,0,0.592856373868234,1
1025,UCI327-05165,1,0.8095958297159682,1
1026,UCI327-07712,1,0.8990218888859295,1
1027,UCI327-06304,0,0.0652097978270549,0
1028,UCI327-07559,0,0.03140707106963901,0
1029,UCI327-08668,0,0.08540596014058728,0
1030,UCI327-00009,1,0.3681758090950717,0
1031,UCI327-07009,0,0.06869820812338742,0
1032,UCI327-08656,1,0.9874520892122919,1
1033,UCI327-00849,0,0.1638474752101601,0
1034,UCI327-06574,0,0.07786164006010284,0
1035,UCI327-08301,1,0.7974727783253753,1
1036,UCI327-01737,0,0.19887546921369686,0
1037,UCI327-06690,0,0.10947841723862133,0
1038,UCI327-09078,0,0.05544914409241821,0
1039,UCI327-08181,0,0.1368986745720963,0
1040,UCI327-07398,0,0.14463228526916602,0
1041,UCI327-08218,0,0.016044987781873837,0
1042,UCI327-06533,0,0.125909463382318,0
1043,UCI327-06375,0,0.013479642373244494,0
1044,UCI327-00028,0,0.029871398283506417,0
1045,UCI327-08557,0,0.11318430516486161,0
1046,UCI327-10876,0,0.06172531007943755,0
1047,UCI327-00558,0,0.06329499333672185,0
1048,UCI327-09355,0,0.03648257099628354,0
1049,UCI327-06488,0,0.3958714760077093,0
1050,UCI327-02434,0,0.061357029999929834,0
1051,UCI327-00918,1,0.39113927460250647,0
1052,UCI327-07205,1,0.9904757877925058,1
1053,UCI327-08204,0,0.16271322979118372,0
1054,UCI327-00679,0,0.019422915643002567,0
1055,UCI327-08497,1,0.652993579589625,1
1056,UCI327-07507,0,0.06951204920932708,0
1057,UCI327-06161,1,0.9146838802390737,1
1058,UCI327-07909,0,0.22010384803717273,0
1059,UCI327-00275,0,0.16603912126943154,0
1060,UCI327-10358,0,0.592856373868234,1
1061,UCI327-01291,1,0.35570114691362764,0
1062,UCI327-05347,0,0.024904073394130255,0
1063,UCI327-07081,0,0.02054882752596178,0
1064,UCI327-07407,1,0.887590380227719,1
1065,UCI327-08557,0,0.11318430516486161,0
1066,UCI327-09768,0,0.034175768384917184,0
1067,UCI327-09683,0,0.1051365319079658,0
1068,UCI327-10589,1,0.9940661769590909,1
1069,UCI327-08890,0,0.0973403058374052,0
1070,UCI327-08198,0,0.7242319763822117,1
1071,UCI327-06286,0,0.23403262818825268,0
1072,UCI327-09972,1,0.18031321186355356,0
1073,UCI327-07380,0,0.07881386921366289,0
1074,UCI327-09402,0,0.06851122530631208,0
1075,UCI327-09511,0,0.1214256942648053,0
1076,UCI327-05196,1,0.609861836374447,1
1077,UCI327-05907,1,0.44623949481220326,0
1078,UCI327-06781,0,0.0638139157321992,0
1079,UCI327-07472,0,0.0913822923556751,0
1080,UCI327-05585,0,0.03034311580443604,0
1081,UCI327-09094,0,0.07474927754425618,0
1082,UCI327-08499,1,0.9196024836521459,1
1083,UCI327-10739,0,0.036111190292683705,0
1084,UCI327-00497,0,0.14322017456446826,0
1085,UCI327-09949,0,0.008496590322569893,0
1086,UCI327-10187,0,0.02723694492616402,0
1087,UCI327-00248,1,0.891428705976552,1
1088,UCI327-09078,0,0.05544914409241821,0
1089,UCI327-00102,0,0.41369800787535177,0
1090,UCI327-01442,0,0.04797760186825232,0
1091,UCI327-06611,0,0.08989369021674352,0
1092,UCI327-06753,0,0.284655377116739,0
1093,UCI327-00849,0,0.1638474752101601,0
1094,UCI327-08789,0,0.02236147329609476,0
1095,UCI327-08864,0,0.25603871986915067,0
1096,UCI327-05136,0,0.06578538461286212,0
1097,UCI327-05580,0,0.058021497423805954,0
1098,UCI327-00083,0,0.053751472541041484,0
1099,UCI327-06630,0,0.11924532395769599,0
1100,UCI327-10448,0,0.09560614841154828,0
1101,UCI327-00552,0,0.030435643157203342,0
1102,UCI327-00781,0,0.061794002235598576,0
1103,UCI327-01512,1,0.8921212063059246,1
1104,UCI327-08715,0,0.051812387204054296,0
1105,UCI327-07637,0,0.18966976260177618,0
1106,UCI327-08801,1,0.8288959498457622,1
1107,UCI327-00107,1,0.9465226360521451,1
1108,UCI327-07652,1,0.7151325877127677,1
1109,UCI327-05620,0,0.050735672030957815,0
1110,UCI327-06934,0,0.02078843749651769,0
1111,UCI327-08489,1,0.9234781654461399,1
1112,UCI327-01129,0,0.1458291794988919,0
1113,UCI327-00444,1,0.9909481943374928,1
1114,UCI327-08364,1,0.07887376401677555,0
1115,UCI327-05581,1,0.7141198296901924,1
1116,UCI327-10160,0,0.23978561796980696,0
1117,UCI327-08408,0,0.022637964764350697,0
1118,UCI327-10552,0,0.15711616599433958,0
1119,UCI327-08171,0,0.2478201699035282,0
1120,UCI327-09534,0,0.026987260405315384,0
1121,UCI327-01841,0,0.2971016374802727,0
1122,UCI327-06533,0,0.125909463382318,0
1123,UCI327-10904,0,0.02313004067904124,0
1124,UCI327-09903,1,0.5705873758541145,1
1125,UCI327-08531,0,0.04398953082717341,0
1126,UCI327-08418,0,0.028151922452515434,0
1127,UCI327-09196,0,0.12889972049764384,0
1128,UCI327-05356,1,0.9671145779129525,1
1129,UCI327-10277,0,0.11374890811770838,0
1130,UCI327-09370,0,0.03000695840334409,0
1131,UCI327-05386,1,0.9705333511410928,1
1132,UCI327-05264,1,0.4944969580161589,0
1133,UCI327-01189,0,0.33125436493628907,0
1134,UCI327-02212,0,0.5119627721617317,1
1135,UCI327-01423,0,0.5007316556629763,1
1136,UCI327-06556,0,0.047153683914597865,0
1137,UCI327-08864,0,0.25603871986915067,0
1138,UCI327-00893,0,0.17324643861666322,0
1139,UCI327-09534,0,0.026987260405315384,0
1140,UCI327-09909,1,0.8085757275648098,1
1141,UCI327-06105,0,0.013904286756543182,0
1142,UCI327-05335,0,0.22746941866666476,0
1143,UCI327-07144,0,0.11502582495397279,0
1144,UCI327-07637,0,0.18966976260177618,0
