event_id,having_IP_Address,URL_Length,Shortining_Service,having_At_Symbol,double_slash_redirecting,Prefix_Suffix,having_Sub_Domain,SSLfinal_State,Domain_registeration_length,Favicon,port,HTTPS_token,Request_URL,URL_of_Anchor,Links_in_tags,SFH,Submitting_to_email,Abnormal_URL,Redirect,on_mouseover,RightClick,popUpWidnow,Iframe,age_of_domain,DNSRecord,web_traffic,Page_Rank,Google_Index,Links_pointing_to_page,Statistical_report,label
UCI327-05360,1,1,1,1,1,1,0,1,1,1,1,1,1,1,0,-1,1,1,0,1,1,1,1,-1,1,-1,1,1,1,1,1
UCI327-06233,1,1,1,1,1,1,-1,1,-1,1,1,1,1,-1,1,0,1,1,0,1,1,1,1,-1,1,-1,-1,1,1,1,1
UCI327-02638,1,1,1,1,1,1,-1,1,1,1,1,1,-1,-1,-1,-1,1,1,0,-1,1,1,1,-1,1,-1,-1,-1,0,1,1
UCI327-06175,1,1,1,1,1,1,0,1,1,1,1,1,1,0,-1,-1,1,1,1,1,1,1,1,-1,1,-1,1,1,0,1,1
UCI327-00248,1,1,1,1,1,1,-1,1,-1,1,1,1,-1,0,-1,-1,1,1,0,1,1,1,1,-1,1,0,-1,-1,0,1,1
UCI327-05196,1,1,-1,1,-1,1,1,1,-1,1,1,1,1,-1,0,-1,1,1,1,1,1,1,1,-1,-1,-1,1,1,0,1,1
UCI327-01126,1,1,1,1,1,1,0,1,1,1,1,1,-1,0,1,-1,1,1,0,1,1,1,1,1,1,1,-1,1,1,1,1
UCI327-06410,1,1,1,1,1,1,0,1,-1,1,1,-1,1,0,-1,-1,-1,-1,0,1,1,1,1,-1,1,1,1,1,0,1,1
UCI327-01138,1,1,-1,1,-1,1,0,1,-1,-1,-1,-1,1,-1,1,1,-1,-1,1,-1,-1,-1,-1,-1,-1,1,-1,1,1,-1,1
UCI327-05693,1,1,1,1,1,1,0,1,1,1,1,1,-1,-1,0,-1,1,1,0,1,1,1,1,-1,1,0,-1,1,1,1,1
UCI327-09265,1,1,1,1,1,1,0,1,1,1,1,1,-1,0,-1,-1,1,1,0,1,1,1,1,1,1,0,1,1,0,1,1
UCI327-09617,1,1,1,1,1,1,-1,1,-1,1,1,1,1,-1,-1,-1,1,1,0,1,1,1,1,1,1,1,-1,1,0,1,1
UCI327-10169,1,1,1,1,1,1,1,1,-1,1,1,-1,1,-1,-1,-1,-1,1,0,1,1,1,1,1,1,0,-1,1,0,1,1
UCI327-07460,1,1,1,1,1,1,1,1,-1,1,1,1,1,0,-1,0,1,1,1,1,1,1,1,-1,1,-1,-1,1,1,1,1
UCI327-08622,1,1,1,1,1,1,-1,1,-1,1,1,1,1,1,-1,-1,1,1,0,1,1,1,1,1,1,1,-1,1,0,-1,1
UCI327-00878,1,1,1,1,1,1,-1,1,1,1,1,1,-1,-1,-1,-1,1,1,0,1,1,1,1,1,1,-1,-1,1,0,1,1
UCI327-10180,1,1,1,1,1,1,0,1,-1,1,1,1,1,-1,0,-1,1,1,0,1,1,1,1,1,1,0,-1,1,1,1,1
UCI327-08365,1,1,1,1,1,1,1,1,-1,1,1,1,1,0,1,-1,1,1,0,1,1,1,1,1,1,1,-1,-1,0,1,1
UCI327-10164,1,1,-1,1,-1,1,0,1,-1,-1,1,-1,-1,-1,-1,-1,-1,-1,1,-1,1,-1,1,1,-1,1,-1,1,0,1,1
UCI327-04637,1,1,1,1,1,1,0,1,1,1,1,1,1,0,-1,-1,1,1,0,1,1,1,1,-1,-1,1,-1,-1,0,1,1
UCI327-00226,1,1,1,1,1,1,-1,1,1,-1,1,1,-1,-1,0,-1,1,1,0,1,1,-1,1,-1,-1,-1,-1,1,0,1,1
UCI327-00933,1,1,1,1,1,1,-1,1,-1,1,1,1,1,0,-1,-1,1,1,0,1,1,1,1,-1,1,0,1,1,0,1,1
UCI327-08489,1,1,1,1,1,1,0,1,-1,1,1,1,1,-1,1,-1,1,1,0,1,1,1,1,1,1,1,-1,1,0,1,1
UCI327-02074,1,1,1,1,1,1,-1,1,-1,1,1,1,1,1,0,-1,1,1,0,1,1,1,1,-1,1,1,-1,-1,0,1,1
UCI327-03503,1,1,1,1,1,1,-1,1,1,1,1,1,-1,-1,-1,-1,1,1,0,1,1,1,1,-1,1,-1,-1,-1,0,-1,1
UCI327-05907,1,1,1,1,1,1,0,1,-1,1,1,1,-1,0,1,-1,1,1,1,1,1,1,1,-1,1,0,-1,1,0,1,1
UCI327-07663,1,1,1,1,1,1,1,1,-1,1,1,1,1,0,1,-1,1,1,0,1,1,1,1,1,1,-1,1,1,0,1,1
UCI327-08772,1,1,1,1,1,1,0,1,-1,1,1,1,1,-1,1,-1,1,1,0,1,1,1,1,1,1,1,-1,1,1,1,1
UCI327-08829,1,1,1,1,1,1,0,1,-1,1,1,1,-1,-1,-1,-1,1,1,0,1,1,1,1,1,1,1,-1,1,0,1,1
UCI327-01646,1,1,1,1,1,1,1,1,1,1,1,1,-1,0,-1,-1,1,1,0,1,1,1,1,1,-1,1,-1,-1,0,1,1
UCI327-02477,1,1,-1,1,-1,1,0,1,1,1,1,-1,-1,-1,1,-1,1,-1,0,-1,1,-1,-1,-1,-1,1,-1,-1,1,-1,1
UCI327-10008,1,1,1,1,1,1,-1,1,1,1,1,1,-1,-1,0,0,1,1,0,1,1,1,1,1,1,1,-1,1,0,1,1
UCI327-05963,1,1,1,1,1,1,0,1,1,1,1,1,-1,0,0,-1,1,1,1,1,1,1,1,-1,1,1,1,1,0,1,1
UCI327-05264,1,1,1,1,1,1,0,1,1,1,1,1,-1,1,-1,-1,1,1,0,1,1,1,1,-1,1,-1,1,1,0,-1,1
UCI327-00097,1,1,1,1,1,1,-1,1,-1,1,1,-1,1,-1,-1,1,1,1,0,1,1,1,1,-1,-1,-1,-1,1,-1,1,1
UCI327-00144,1,1,1,1,1,1,-1,1,1,1,1,1,-1,-1,0,1,1,1,0,1,1,1,1,-1,-1,0,-1,1,1,1,1
UCI327-01454,1,1,1,1,1,1,-1,1,1,-1,1,1,-1,-1,0,-1,1,1,0,1,1,-1,1,-1,1,-1,-1,1,0,1,1
UCI327-08599,1,1,1,1,1,1,1,1,1,1,1,1,1,0,0,-1,1,1,0,1,1,1,1,1,1,1,-1,1,1,1,1
UCI327-05151,1,1,-1,1,-1,1,0,1,1,1,1,1,-1,-1,-1,1,1,1,0,1,-1,1,1,-1,1,-1,1,1,1,-1,1
UCI327-03075,1,1,1,1,1,1,-1,1,-1,1,1,1,-1,0,0,-1,1,1,0,1,1,1,1,-1,-1,0,-1,1,0,-1,1
UCI327-00768,1,1,1,1,1,1,1,1,1,1,1,1,-1,-1,-1,-1,1,1,0,1,1,1,1,1,1,-1,-1,1,0,1,1
UCI327-00197,1,1,1,1,1,1,-1,1,-1,1,1,1,1,-1,1,-1,1,1,0,1,1,1,1,-1,-1,-1,-1,1,1,1,1
UCI327-02990,1,1,1,1,1,1,-1,1,-1,1,1,1,-1,0,-1,-1,1,1,0,1,1,1,1,-1,-1,-1,-1,-1,0,1,1
UCI327-05165,1,1,1,1,1,1,0,1,1,1,1,1,-1,1,1,-1,-1,1,1,1,1,1,1,-1,1,-1,1,1,1,1,1
UCI327-00687,1,1,1,1,1,1,0,1,1,-1,-1,1,-1,-1,1,-1,-1,1,0,1,1,-1,1,1,-1,-1,-1,1,0,-1,1
UCI327-06162,1,1,1,1,1,1,0,1,1,1,1,1,-1,-1,0,-1,1,1,0,1,1,1,1,-1,1,-1,1,1,0,-1,1
UCI327-00656,1,1,1,1,1,1,-1,1,1,1,1,1,-1,0,-1,-1,1,1,0,1,1,1,1,-1,1,1,-1,1,0,1,1
UCI327-08264,1,1,1,1,1,1,-1,1,1,1,1,1,-1,-1,1,-1,-1,1,0,1,1,1,1,1,1,1,1,1,1,1,1
UCI327-05328,1,1,1,1,1,1,-1,1,-1,-1,-1,1,1,-1,-1,-1,-1,1,0,1,1,1,1,-1,1,0,1,1,1,-1,1
UCI327-06996,1,1,1,1,1,1,0,1,-1,1,1,1,-1,0,-1,-1,1,1,0,1,1,1,1,-1,1,1,1,1,0,1,1
UCI327-00723,1,1,1,1,1,1,-1,1,1,1,1,1,-1,-1,0,-1,1,1,0,1,1,1,1,-1,-1,-1,-1,-1,0,1,1
UCI327-06219,1,1,1,1,1,1,0,1,-1,1,1,1,1,-1,-1,-1,1,1,0,1,1,1,1,1,1,-1,-1,1,-1,1,1
UCI327-01804,1,1,1,1,1,1,0,1,-1,1,1,1,-1,0,1,-1,1,1,0,1,1,1,1,-1,-1,0,-1,-1,0,1,1
UCI327-05754,1,1,1,1,1,1,0,1,-1,1,1,1,1,-1,-1,-1,1,1,0,1,1,1,1,1,1,-1,-1,1,0,1,1
UCI327-01451,1,1,1,1,1,1,0,1,-1,1,1,1,1,-1,-1,1,1,1,0,1,1,1,1,1,1,-1,-1,-1,0,1,1
UCI327-07244,1,1,1,1,1,1,0,1,-1,1,1,-1,1,-1,-1,-1,-1,1,0,1,1,1,1,-1,1,1,-1,1,0,1,1
UCI327-03081,1,1,1,1,1,1,-1,1,-1,1,1,1,1,-1,-1,-1,1,1,0,1,1,1,1,-1,1,0,-1,1,0,-1,1
UCI327-06886,1,1,-1,1,-1,1,0,1,-1,-1,-1,-1,-1,-1,1,-1,-1,-1,0,1,1,-1,1,-1,-1,0,-1,-1,1,1,1
UCI327-09522,1,1,1,1,1,1,1,1,-1,1,1,1,-1,0,-1,-1,1,1,0,1,1,1,1,1,1,1,-1,1,1,1,1
UCI327-05900,1,1,-1,1,-1,1,0,1,-1,-1,1,-1,1,-1,1,-1,1,-1,0,-1,1,-1,1,1,-1,1,-1,1,1,1,1
UCI327-08651,1,1,1,1,1,1,0,1,-1,1,1,1,-1,0,1,-1,1,1,0,1,1,1,1,1,1,1,-1,1,0,1,1
UCI327-05288,1,1,1,1,1,1,0,1,-1,1,1,1,-1,0,-1,-1,1,1,0,1,1,1,1,-1,1,0,1,1,0,-1,1
UCI327-00839,1,1,1,1,1,1,0,1,-1,-1,-1,1,-1,-1,-1,-1,-1,1,0,-1,-1,-1,-1,1,-1,1,-1,1,1,-1,1
UCI327-09059,1,1,1,1,1,1,-1,1,-1,1,1,1,1,-1,0,-1,1,1,0,1,1,1,1,1,1,0,1,1,0,-1,1
UCI327-09804,1,1,1,1,1,1,-1,1,1,-1,1,-1,-1,-1,0,-1,1,1,0,-1,1,-1,1,1,1,0,-1,1,1,1,1
UCI327-05247,1,1,1,1,1,1,0,1,1,1,1,1,1,1,-1,-1,1,1,0,1,1,1,1,-1,1,-1,1,1,0,1,1
UCI327-03538,1,1,-1,1,-1,1,-1,1,1,1,1,-1,-1,-1,1,-1,1,-1,1,1,1,1,1,-1,1,-1,-1,-1,0,1,1
UCI327-09156,1,1,1,1,1,1,-1,1,-1,1,1,1,1,-1,-1,-1,1,1,0,1,1,1,1,1,1,1,-1,-1,1,1,1
UCI327-06166,1,1,1,1,-1,1,0,1,-1,-1,-1,1,1,-1,-1,1,-1,-1,0,-1,1,-1,1,1,1,1,1,-1,-1,1,1
UCI327-05569,1,1,1,1,1,1,1,1,-1,1,1,1,1,-1,0,-1,1,1,1,1,1,1,1,1,1,1,-1,1,1,-1,1
UCI327-06520,1,1,1,1,1,1,1,1,1,1,1,1,-1,-1,0,-1,1,1,0,1,1,1,1,1,1,0,1,1,0,1,1
UCI327-09703,1,1,1,1,1,1,0,1,1,1,1,1,-1,0,-1,-1,1,1,0,1,1,1,1,1,1,-1,-1,1,1,1,1
UCI327-01358,1,1,1,1,-1,1,-1,1,1,1,1,1,-1,0,-1,-1,1,1,1,1,1,1,1,-1,1,0,-1,-1,1,1,1
UCI327-05475,1,1,1,1,1,1,-1,1,1,1,1,1,1,0,-1,1,1,1,1,1,1,1,1,-1,1,-1,1,1,0,1,1
UCI327-09701,1,1,1,1,1,1,-1,1,-1,1,1,1,1,-1,0,-1,1,1,0,1,1,1,1,1,1,-1,-1,1,0,1,1
UCI327-00846,1,1,1,1,1,1,-1,1,-1,1,1,1,1,1,0,-1,1,1,0,1,1,1,1,-1,-1,1,-1,-1,0,1,1
UCI327-05793,1,1,1,1,1,1,0,1,1,1,1,1,-1,-1,-1,1,1,1,0,1,1,1,1,-1,1,-1,-1,1,0,-1,1
UCI327-09697,1,1,1,1,1,1,-1,1,1,1,1,1,-1,-1,0,1,1,1,0,1,1,1,1,1,1,-1,-1,1,1,-1,1
UCI327-06193,1,1,1,1,1,1,0,1,1,1,1,1,-1,-1,0,-1,1,1,0,1,1,1,1,1,1,0,-1,1,1,1,1
UCI327-01094,1,1,1,1,1,1,-1,1,-1,1,1,1,1,-1,0,-1,1,1,0,1,1,1,1,-1,-1,-1,-1,-1,1,1,1
UCI327-10851,1,1,1,1,1,1,-1,1,-1,1,1,1,1,-1,0,-1,1,1,0,1,1,1,1,1,1,0,-1,1,1,-1,1
UCI327-07088,1,1,-1,1,-1,1,-1,1,-1,-1,-1,-1,1,-1,-1,-1,-1,-1,0,-1,-1,-1,-1,1,-1,1,1,-1,1,1,1
UCI327-05714,1,1,1,1,1,1,0,1,1,1,1,1,-1,-1,-1,-1,1,1,0,1,1,1,1,-1,1,-1,-1,1,0,1,1
UCI327-07787,1,1,1,1,1,1,1,1,1,1,1,1,-1,1,-1,-1,1,1,0,1,1,1,1,-1,1,-1,1,1,0,1,1
UCI327-00418,1,1,1,1,1,1,1,1,1,1,1,1,-1,0,-1,-1,1,1,0,1,1,1,1,1,1,1,-1,1,0,1,1
UCI327-10892,1,1,1,1,1,1,0,1,1,-1,-1,-1,-1,-1,0,-1,-1,-1,0,-1,1,-1,1,-1,1,1,-1,1,0,1,1
UCI327-05646,1,1,1,1,1,1,0,1,1,1,1,1,-1,0,-1,-1,1,1,0,1,1,1,1,-1,1,0,1,1,0,-1,1
UCI327-00218,1,1,1,1,1,1,-1,1,1,1,1,1,1,0,0,-1,1,1,0,1,1,1,1,-1,1,1,-1,1,0,1,1
UCI327-06876,1,1,1,1,1,1,0,1,-1,-1,1,1,1,0,0,-1,1,1,0,1,1,-1,1,-1,1,0,-1,1,0,1,1
UCI327-09116,1,1,1,1,1,1,1,1,1,1,1,1,-1,0,-1,-1,1,1,0,1,1,1,1,1,1,1,-1,-1,1,1,1
UCI327-05131,1,1,-1,1,-1,1,0,1,-1,1,1,1,-1,0,-1,-1,1,1,1,1,-1,1,-1,-1,1,-1,1,1,-1,1,1
UCI327-02034,1,1,-1,1,-1,1,0,1,1,-1,-1,-1,-1,-1,1,-1,-1,-1,1,-1,1,-1,-1,-1,-1,-1,-1,1,1,-1,1
UCI327-07692,1,1,1,1,1,1,0,1,1,1,1,1,-1,0,-1,-1,1,1,1,1,1,1,1,-1,1,1,1,1,1,1,1
UCI327-10558,1,1,1,1,1,1,0,1,-1,1,1,1,1,0,1,-1,1,1,0,1,1,1,1,1,1,1,-1,1,0,1,1
UCI327-00444,1,1,1,1,1,1,0,1,-1,1,1,1,1,-1,-1,-1,1,1,0,1,1,1,1,1,-1,0,-1,1,0,1,1
UCI327-10344,1,1,-1,1,-1,1,-1,1,-1,-1,-1,-1,-1,-1,1,-1,-1,-1,1,-1,1,-1,1,1,-1,0,-1,1,1,1,1
UCI327-00676,1,1,1,1,1,1,0,1,1,1,1,1,-1,-1,0,-1,1,1,0,1,1,1,1,1,-1,-1,-1,1,0,1,1
UCI327-01443,1,1,1,1,1,1,0,1,-1,1,1,1,-1,-1,1,-1,1,1,0,1,1,1,1,1,-1,1,-1,-1,0,1,1
UCI327-08192,1,1,-1,1,-1,1,-1,1,1,1,1,1,-1,-1,1,1,1,1,1,1,-1,1,1,1,1,-1,-1,1,1,1,1
UCI327-06857,1,1,1,1,1,1,1,1,-1,1,1,1,1,0,-1,-1,1,1,1,1,1,1,1,-1,1,0,-1,1,0,1,1
UCI327-08880,1,1,1,1,1,1,0,1,1,1,1,1,1,-1,-1,-1,1,1,0,1,1,1,1,1,1,1,-1,1,0,1,1
UCI327-02526,1,1,-1,1,1,1,0,1,-1,1,1,1,1,-1,0,-1,1,1,0,1,1,1,1,1,-1,-1,-1,-1,0,-1,1
UCI327-05469,1,1,1,1,-1,1,0,1,1,1,1,1,-1,1,-1,1,1,1,0,1,1,1,1,-1,1,-1,-1,1,-1,-1,1
UCI327-02084,1,1,1,1,1,1,-1,1,-1,1,1,1,-1,-1,0,-1,1,1,0,1,1,1,1,-1,1,-1,-1,1,0,1,1
UCI327-06599,1,1,1,1,1,1,1,1,-1,1,1,1,1,-1,0,-1,1,1,0,1,1,1,1,1,1,-1,-1,1,0,1,1
UCI327-05504,1,1,1,1,1,1,0,1,-1,1,1,1,1,-1,-1,-1,1,1,0,1,1,1,1,1,1,-1,1,1,0,1,1
UCI327-06850,1,1,-1,1,-1,1,0,1,-1,-1,1,-1,1,-1,-1,-1,1,-1,0,-1,1,-1,1,-1,-1,1,-1,1,0,1,1
UCI327-03136,1,1,1,1,1,1,-1,1,1,1,1,1,-1,0,-1,-1,1,1,0,1,1,1,1,1,1,1,-1,-1,0,1,1
UCI327-00225,1,1,1,1,1,1,-1,1,-1,1,1,1,-1,0,0,-1,1,1,0,1,1,1,1,-1,-1,1,-1,1,0,1,1
UCI327-06348,1,1,1,1,1,1,0,1,-1,1,1,1,1,-1,-1,-1,1,1,0,1,1,1,1,1,1,0,1,1,0,1,1
UCI327-06029,1,1,1,1,1,1,0,1,-1,1,1,1,1,0,-1,-1,1,1,0,1,1,1,1,-1,1,1,1,1,0,1,1
UCI327-01364,1,1,1,1,1,1,-1,1,-1,1,1,1,1,0,-1,-1,1,1,0,1,1,1,1,-1,1,1,-1,1,0,1,1
UCI327-06806,1,1,1,1,1,1,-1,1,-1,1,1,1,-1,0,0,-1,1,1,0,1,1,1,1,-1,1,0,1,1,0,1,1
UCI327-05967,1,1,1,1,1,1,0,1,1,1,1,1,-1,0,-1,-1,1,1,0,1,1,1,1,-1,1,0,1,1,1,1,1
UCI327-09893,1,1,1,1,-1,1,-1,1,1,1,1,1,-1,-1,0,-1,1,1,0,1,1,1,1,1,1,0,-1,1,0,1,1
UCI327-09816,1,1,1,1,1,1,-1,1,-1,1,1,1,1,-1,0,-1,1,1,0,1,1,1,1,-1,1,0,1,-1,0,-1,1
UCI327-09222,1,1,-1,1,-1,1,-1,1,-1,1,1,-1,-1,-1,-1,-1,1,1,1,-1,1,-1,1,1,-1,0,-1,1,0,1,1
UCI327-08170,1,1,1,1,-1,1,-1,1,-1,1,-1,1,-1,1,1,-1,-1,1,1,1,1,1,-1,1,1,-1,-1,-1,-1,1,1
UCI327-07597,1,1,1,1,1,1,0,1,1,1,1,1,-1,-1,-1,1,1,-1,0,1,1,1,1,-1,1,0,-1,1,0,-1,1
UCI327-05933,1,1,1,1,1,1,0,1,1,-1,-1,1,-1,-1,0,-1,-1,1,0,-1,1,-1,-1,-1,1,-1,1,1,0,1,1
UCI327-06590,1,1,1,1,1,1,1,1,-1,-1,-1,1,1,-1,-1,-1,-1,1,0,-1,1,-1,1,-1,1,-1,-1,1,1,1,1
UCI327-05394,1,1,-1,1,-1,1,0,1,-1,1,1,-1,1,0,-1,-1,1,1,1,1,1,1,1,1,-1,0,1,-1,1,1,1
UCI327-05505,1,1,1,1,1,1,0,1,-1,1,1,1,-1,-1,-1,-1,1,1,0,1,1,1,1,-1,1,-1,1,1,0,1,1
UCI327-05384,1,1,1,1,1,1,0,1,1,1,1,1,-1,-1,-1,-1,1,1,1,1,1,1,1,-1,1,0,1,1,1,1,1
UCI327-00658,1,1,1,1,1,1,-1,1,1,1,1,1,-1,-1,0,-1,1,1,0,1,1,1,1,-1,-1,0,-1,1,1,1,1
UCI327-00223,1,1,1,1,1,1,0,1,-1,1,1,1,1,-1,-1,1,1,1,0,1,1,1,1,1,-1,-1,-1,1,0,1,1
UCI327-00519,1,1,1,1,1,1,-1,1,-1,1,1,1,-1,-1,0,-1,1,1,0,1,1,1,1,-1,-1,-1,-1,1,0,1,1
UCI327-07389,1,1,1,1,1,1,-1,1,-1,1,1,1,-1,-1,-1,-1,1,1,0,1,1,1,1,-1,1,0,1,1,0,1,1
UCI327-09173,1,1,1,1,1,1,-1,1,-1,1,1,1,-1,-1,-1,1,1,1,0,1,1,1,1,1,1,1,-1,-1,0,-1,1
UCI327-09108,1,1,1,1,1,1,-1,1,1,1,1,1,-1,-1,0,-1,1,1,0,1,1,1,1,1,1,1,-1,-1,0,1,1
UCI327-07501,1,1,1,1,1,1,-1,1,-1,1,1,1,-1,-1,-1,0,1,1,0,1,1,1,1,-1,1,-1,-1,1,0,1,1
UCI327-06415,1,1,1,1,1,1,0,1,-1,1,1,1,-1,0,-1,-1,1,1,1,1,1,1,1,-1,1,0,1,1,0,1,1
UCI327-02593,1,1,1,1,1,1,0,1,-1,-1,-1,-1,-1,-1,0,-1,-1,-1,0,-1,1,-1,1,1,-1,0,-1,1,0,-1,1
UCI327-10733,1,1,1,1,1,1,0,1,1,1,1,1,-1,0,-1,-1,1,1,0,1,1,1,1,1,1,0,1,1,0,1,1
UCI327-09678,1,1,1,1,1,1,-1,1,1,1,1,1,-1,0,0,1,1,1,0,1,1,1,1,1,1,0,-1,1,0,1,1
UCI327-08770,1,1,1,1,1,1,0,1,-1,1,1,1,1,-1,1,-1,1,1,0,1,1,1,1,1,1,1,-1,1,0,1,1
UCI327-09212,1,1,1,1,1,1,0,1,1,1,1,1,-1,-1,0,-1,1,1,0,1,1,1,1,1,1,-1,1,1,1,1,1
UCI327-02911,1,1,1,1,1,1,-1,1,-1,1,1,1,1,-1,0,-1,1,1,0,1,1,1,1,1,-1,-1,-1,1,0,-1,1
UCI327-06933,1,1,1,1,1,1,0,1,-1,-1,-1,1,1,-1,0,-1,-1,1,0,-1,1,-1,1,-1,1,0,-1,1,0,1,1
UCI327-06705,1,1,1,1,1,1,0,1,-1,1,1,1,1,-1,-1,-1,1,1,0,1,1,1,1,1,1,0,-1,1,0,1,1
UCI327-10463,1,1,1,1,1,1,-1,1,1,1,1,1,-1,-1,-1,0,1,1,0,1,1,1,1,1,1,1,-1,1,0,1,1
UCI327-06218,1,1,-1,1,-1,1,0,1,1,1,1,-1,-1,-1,1,-1,1,1,0,-1,1,-1,1,-1,-1,-1,-1,-1,0,1,1
UCI327-07565,1,1,-1,1,-1,1,0,1,-1,-1,-1,-1,1,-1,1,-1,-1,-1,0,-1,-1,-1,-1,1,-1,-1,-1,-1,1,1,1
UCI327-06154,1,1,1,1,1,1,0,1,-1,1,1,1,-1,-1,-1,1,1,1,1,1,1,1,1,-1,1,-1,1,1,0,-1,1
UCI327-01060,1,1,1,1,1,1,0,1,-1,1,1,1,1,-1,0,1,1,1,0,1,1,1,1,-1,-1,-1,-1,-1,0,1,1
UCI327-07314,1,1,1,1,1,1,0,1,-1,1,1,1,1,0,0,0,1,1,0,1,1,1,1,1,1,0,1,1,0,1,1
UCI327-06243,1,1,1,1,1,1,0,1,1,1,1,1,-1,-1,-1,-1,1,1,0,1,1,1,1,-1,1,0,1,1,0,1,1
UCI327-01850,1,1,1,1,1,1,-1,1,-1,1,1,1,1,-1,-1,-1,1,1,0,1,1,1,1,1,-1,0,-1,-1,1,1,1
UCI327-08516,1,1,1,1,1,1,-1,1,1,1,1,1,1,-1,-1,1,1,1,0,1,1,1,1,-1,1,1,-1,-1,0,1,1
UCI327-09909,1,1,1,1,1,1,-1,1,1,-1,-1,1,-1,0,0,0,-1,1,0,-1,-1,-1,-1,1,1,0,-1,1,0,1,1
UCI327-02768,1,1,1,1,1,1,-1,1,1,1,1,1,-1,1,-1,-1,1,1,0,1,1,1,1,1,-1,-1,-1,1,1,1,1
UCI327-01098,1,1,1,1,1,1,-1,1,-1,1,1,1,-1,-1,0,-1,1,1,0,1,1,1,1,-1,-1,-1,-1,-1,1,1,1
UCI327-06180,1,1,1,1,1,1,0,1,1,-1,-1,1,-1,-1,0,-1,-1,1,1,1,1,-1,1,-1,1,-1,1,1,0,1,1
UCI327-09903,1,1,1,1,1,1,0,1,1,-1,-1,1,-1,0,-1,-1,-1,1,0,-1,1,-1,-1,1,1,0,-1,1,0,1,1
UCI327-08167,1,1,1,1,-1,1,-1,1,1,1,-1,1,-1,1,1,-1,-1,1,0,1,1,1,1,1,1,-1,-1,-1,1,1,1
UCI327-06287,1,1,1,1,1,1,1,1,-1,1,1,1,1,-1,-1,-1,1,1,0,1,1,1,1,-1,1,-1,-1,1,1,1,1
UCI327-05950,1,1,1,1,1,1,0,1,-1,1,1,1,1,-1,1,-1,1,1,0,1,1,1,1,1,1,-1,-1,1,1,1,1
UCI327-08397,1,1,-1,1,-1,1,-1,1,-1,-1,-1,1,-1,-1,1,-1,-1,-1,0,1,1,-1,1,1,-1,1,-1,-1,1,1,1
UCI327-09802,1,1,1,1,1,1,0,1,1,1,1,1,1,-1,-1,-1,1,1,0,1,1,1,1,1,1,0,-1,-1,0,1,1
UCI327-08917,1,1,1,1,1,1,0,1,1,1,1,1,-1,-1,0,-1,1,1,0,1,1,1,1,1,1,0,-1,1,0,1,1
UCI327-07789,1,1,1,1,1,1,1,1,1,-1,-1,1,-1,-1,-1,-1,-1,1,0,-1,-1,-1,-1,-1,1,0,1,1,0,1,1
UCI327-02690,1,1,1,1,1,1,-1,1,1,1,1,1,1,-1,0,-1,1,1,0,1,1,1,1,1,-1,-1,-1,1,1,1,1
UCI327-10398,1,1,1,1,1,1,-1,1,1,1,1,1,1,-1,-1,-1,1,1,0,1,1,1,1,-1,1,0,-1,1,0,1,1
UCI327-00132,1,1,1,1,-1,1,1,1,-1,1,1,1,1,0,0,-1,-1,1,1,1,1,1,1,-1,-1,0,-1,1,0,1,1
UCI327-06604,1,1,1,1,1,1,0,1,-1,1,1,1,1,0,-1,-1,1,1,0,1,1,1,1,-1,1,0,1,1,-1,1,1
UCI327-08807,1,1,1,1,1,1,-1,1,-1,1,1,1,1,-1,-1,-1,1,1,0,1,1,1,1,-1,1,1,-1,1,0,1,1
UCI327-08801,1,1,1,1,1,1,0,1,-1,1,1,-1,1,-1,-1,-1,1,1,0,1,1,1,1,1,1,1,-1,1,1,1,1
UCI327-10831,1,1,1,1,1,1,0,1,-1,-1,-1,1,1,0,-1,-1,-1,1,0,1,1,-1,1,1,1,0,-1,1,0,-1,1
UCI327-08873,1,1,1,1,1,1,0,1,1,1,1,1,-1,-1,-1,-1,1,1,0,1,1,1,1,1,1,1,-1,1,1,1,1
UCI327-10309,1,1,1,1,1,1,1,1,-1,1,1,1,-1,0,-1,-1,1,1,0,1,1,1,1,1,1,1,-1,1,0,1,1
UCI327-06258,1,1,1,1,1,1,0,1,1,-1,-1,1,-1,-1,1,-1,-1,1,0,1,1,-1,1,-1,1,-1,1,1,0,-1,1
UCI327-10589,1,1,1,1,1,1,-1,1,-1,1,1,1,-1,-1,-1,-1,1,1,0,1,1,1,1,1,1,0,-1,1,0,-1,1
UCI327-09956,1,1,1,1,1,1,0,1,-1,1,1,1,-1,-1,-1,-1,1,1,0,1,1,1,1,1,1,0,-1,-1,0,1,1
UCI327-09345,1,1,-1,1,-1,1,1,1,-1,1,1,-1,1,-1,1,0,1,-1,1,1,1,1,1,1,-1,0,1,1,1,1,1
UCI327-06480,1,1,-1,1,-1,1,0,1,1,1,1,-1,-1,-1,-1,-1,1,-1,0,1,1,1,1,-1,-1,-1,-1,-1,0,1,1
UCI327-01562,1,1,1,1,1,1,-1,1,-1,1,1,1,1,-1,-1,1,1,1,0,1,1,1,1,1,-1,-1,-1,-1,1,1,1
UCI327-01806,1,1,1,1,1,1,-1,1,1,1,1,1,-1,0,-1,-1,1,1,0,1,1,1,1,-1,-1,0,-1,-1,0,1,1
UCI327-00896,1,1,1,1,1,1,-1,1,1,1,1,1,-1,0,-1,-1,1,1,0,1,1,1,1,-1,-1,0,-1,1,1,1,1
UCI327-02804,1,1,1,1,1,1,1,1,-1,1,1,1,1,0,1,-1,1,1,0,1,1,1,1,1,-1,0,-1,1,0,1,1
UCI327-05386,1,1,-1,1,-1,1,0,1,-1,-1,1,-1,1,-1,-1,-1,1,-1,0,-1,1,-1,1,1,-1,1,1,1,1,1,1
UCI327-01265,1,1,1,1,1,1,-1,1,1,-1,1,1,-1,-1,0,-1,1,1,0,-1,1,-1,1,-1,1,0,-1,1,0,1,1
UCI327-09104,1,1,1,1,1,1,-1,1,-1,1,1,1,1,0,-1,1,1,1,0,1,1,1,1,1,1,1,-1,1,1,1,1
UCI327-06858,1,1,-1,1,1,1,0,1,-1,1,1,1,1,-1,-1,-1,-1,-1,0,1,1,1,1,-1,1,-1,1,1,0,1,1
UCI327-02590,1,1,1,1,1,1,1,1,-1,1,1,1,-1,-1,0,-1,1,1,0,1,1,1,1,-1,-1,-1,-1,-1,1,1,1
UCI327-01478,1,1,1,1,1,1,-1,1,-1,1,1,-1,-1,-1,0,-1,1,1,0,1,1,1,1,-1,-1,-1,-1,-1,0,1,1
UCI327-00992,1,1,1,1,1,1,-1,1,-1,1,1,1,-1,0,-1,-1,1,1,0,1,1,1,1,1,-1,1,-1,1,1,1,1
UCI327-02714,1,1,1,1,1,1,-1,1,1,1,1,1,-1,-1,0,-1,1,1,0,1,1,1,1,1,-1,0,-1,-1,1,1,1
UCI327-00557,1,1,1,1,1,1,0,1,-1,1,1,1,1,-1,0,-1,1,1,0,1,1,1,1,1,-1,-1,-1,-1,1,1,1
UCI327-09134,1,1,1,1,1,1,-1,1,-1,1,1,1,-1,-1,-1,-1,1,1,0,1,1,1,1,1,1,1,-1,1,1,1,1
UCI327-05641,1,1,1,1,1,1,0,1,1,1,1,1,-1,-1,-1,-1,1,1,0,1,1,1,1,-1,1,0,-1,1,0,1,1
UCI327-05467,1,1,1,1,1,1,0,1,1,1,1,1,-1,1,1,-1,1,1,0,1,1,1,1,-1,1,0,-1,1,0,-1,1
UCI327-05206,1,1,-1,1,-1,1,0,1,-1,-1,-1,-1,-1,0,1,-1,-1,-1,0,-1,1,1,-1,-1,-1,-1,1,-1,1,1,1
UCI327-04005,1,1,1,1,1,1,0,1,1,1,1,1,-1,-1,0,-1,1,1,0,1,1,1,1,1,-1,-1,1,1,0,1,1
UCI327-06966,1,1,-1,1,-1,1,0,1,-1,1,1,-1,1,-1,0,0,1,-1,0,1,1,1,1,1,-1,1,1,-1,1,1,1
UCI327-05356,1,1,-1,1,-1,1,0,1,-1,-1,-1,1,-1,-1,1,-1,-1,-1,1,1,1,-1,1,-1,-1,-1,1,1,1,-1,1
UCI327-08823,1,1,1,1,1,1,1,1,-1,1,1,1,1,0,-1,-1,1,1,0,1,1,1,1,1,1,0,-1,-1,0,1,1
UCI327-07489,1,1,-1,1,-1,1,-1,1,-1,-1,-1,-1,1,-1,1,-1,-1,-1,0,-1,-1,-1,-1,-1,-1,1,-1,-1,1,1,1
UCI327-02573,1,1,1,1,1,1,0,1,1,1,1,1,1,-1,-1,-1,1,1,0,1,1,1,1,1,-1,-1,-1,1,1,-1,1
UCI327-03561,1,1,1,1,1,1,0,1,1,1,1,1,1,0,-1,-1,1,1,0,1,1,1,1,-1,1,0,-1,1,0,1,1
UCI327-09090,1,1,1,1,1,1,-1,1,1,1,1,1,1,-1,0,-1,1,1,0,1,1,1,1,1,1,0,-1,-1,1,-1,1
UCI327-07340,1,1,1,1,1,1,1,1,-1,-1,-1,1,-1,-1,0,0,-1,-1,0,-1,1,-1,1,-1,1,0,-1,1,0,1,1
UCI327-08545,1,1,1,1,1,1,-1,1,-1,1,1,1,1,-1,-1,-1,1,1,0,1,1,1,1,1,1,1,1,1,0,1,1
UCI327-07191,1,1,1,1,1,1,1,1,1,-1,-1,1,-1,-1,-1,-1,-1,1,0,-1,1,-1,1,-1,1,1,-1,1,1,1,1
UCI327-08806,1,1,1,1,-1,1,-1,1,-1,1,1,-1,1,-1,1,-1,-1,-1,0,1,1,1,1,-1,-1,1,-1,1,1,1,1
UCI327-01095,1,1,1,1,1,1,-1,1,1,1,1,1,-1,-1,0,1,1,1,0,1,1,1,1,-1,-1,-1,-1,-1,0,1,1
UCI327-01014,1,1,1,1,1,1,0,1,-1,1,1,1,1,-1,-1,-1,1,1,0,1,1,1,1,-1,-1,0,-1,1,0,1,1
UCI327-01167,1,1,1,1,1,1,0,1,-1,-1,-1,1,1,-1,0,-1,-1,1,0,-1,-1,-1,-1,-1,-1,1,-1,1,0,-1,1
UCI327-06943,1,1,1,1,1,1,0,1,-1,1,1,1,-1,0,-1,-1,1,1,1,1,1,1,1,-1,1,1,1,1,0,1,1
UCI327-09960,1,1,1,1,1,1,0,1,1,1,1,1,-1,-1,-1,0,1,1,0,1,1,1,1,1,1,0,-1,-1,0,1,1
UCI327-06941,1,1,1,1,1,1,0,1,1,1,1,1,-1,-1,-1,0,1,1,1,1,1,1,1,-1,1,0,-1,1,0,1,1
UCI327-10099,1,1,-1,1,-1,1,1,1,-1,-1,-1,-1,1,-1,-1,-1,-1,-1,1,-1,-1,-1,-1,-1,-1,1,1,1,1,1,1
UCI327-07499,1,1,1,1,1,1,-1,1,1,1,1,1,-1,-1,-1,-1,1,1,0,1,1,1,1,-1,1,0,-1,1,0,1,1
UCI327-07810,1,1,1,1,1,1,-1,1,1,-1,-1,1,-1,-1,0,1,-1,1,0,-1,1,-1,-1,-1,1,-1,1,1,0,1,1
UCI327-09920,1,1,1,1,1,1,-1,1,1,1,1,1,-1,0,0,0,1,1,0,1,1,1,1,1,1,0,-1,-1,0,1,1
UCI327-07225,1,1,1,1,1,1,0,1,-1,1,1,1,-1,0,0,-1,1,1,0,1,1,1,1,-1,1,0,1,1,0,1,1
UCI327-10762,1,1,1,1,1,1,-1,1,-1,1,1,1,1,-1,0,-1,1,1,0,1,1,1,1,1,1,0,-1,1,0,1,1
UCI327-09194,1,1,1,1,1,1,-1,1,1,1,1,1,1,0,-1,-1,1,1,0,1,1,1,1,1,1,1,-1,-1,0,1,1
UCI327-06940,1,1,1,1,1,1,0,1,1,1,1,1,-1,-1,-1,-1,-1,-1,0,1,1,1,1,-1,1,1,-1,1,1,1,1
UCI327-00063,1,1,1,1,1,1,-1,1,-1,-1,1,1,-1,0,-1,-1,1,1,0,-1,1,-1,-1,-1,-1,1,-1,1,-1,1,1
UCI327-08969,1,1,1,1,1,1,-1,1,-1,1,1,1,1,-1,1,-1,1,1,0,1,1,1,1,1,1,0,1,1,1,1,1
UCI327-08852,1,1,1,1,1,1,1,1,-1,1,1,1,1,0,-1,-1,1,1,0,1,1,1,1,1,1,0,-1,-1,0,1,1
UCI327-00209,1,1,1,1,1,1,-1,1,1,1,1,-1,-1,-1,0,-1,1,-1,0,1,1,1,1,-1,-1,-1,-1,1,1,-1,1
UCI327-10360,1,1,-1,1,-1,1,1,1,-1,-1,-1,-1,-1,-1,1,0,-1,-1,1,-1,-1,-1,-1,1,-1,1,-1,1,1,1,1
UCI327-10380,1,1,1,1,1,1,-1,1,-1,1,1,1,1,-1,0,-1,1,1,0,1,1,1,1,1,1,0,-1,1,1,1,1
UCI327-08586,1,1,1,1,1,1,-1,1,1,1,1,1,-1,0,-1,1,1,1,0,1,1,1,1,1,1,1,-1,1,1,-1,1
UCI327-01162,1,1,1,1,1,1,-1,1,-1,1,1,1,1,-1,0,-1,1,1,0,1,1,1,1,-1,-1,1,-1,1,0,1,1
UCI327-09429,1,1,1,1,1,1,1,1,-1,1,1,-1,1,0,-1,-1,-1,-1,0,1,1,1,1,1,1,1,-1,1,0,1,1
UCI327-08450,1,1,1,1,1,1,-1,1,1,1,1,1,-1,-1,0,-1,1,1,0,1,1,1,-1,1,1,1,-1,-1,0,-1,1
UCI327-05221,1,1,1,1,1,1,0,1,1,1,-1,1,1,0,-1,-1,-1,1,1,1,1,1,1,-1,1,-1,1,1,0,-1,1
UCI327-09908,1,1,1,1,1,1,-1,1,-1,1,1,1,1,-1,0,-1,1,1,0,1,1,1,1,1,1,0,-1,-1,0,-1,1
UCI327-00532,1,1,1,1,1,1,-1,1,1,1,1,1,-1,-1,-1,-1,1,1,0,1,1,1,1,-1,1,-1,-1,1,0,1,1
UCI327-09375,1,1,1,1,1,1,0,1,1,1,1,1,1,0,-1,-1,1,1,0,1,1,1,1,-1,1,1,-1,-1,0,1,1
UCI327-07715,1,1,1,1,1,1,0,1,1,1,1,1,-1,-1,-1,-1,1,1,0,1,1,1,1,-1,1,0,-1,1,0,-1,1
UCI327-07259,1,1,1,1,1,1,0,1,1,1,1,1,1,0,-1,-1,1,1,0,1,1,1,1,-1,1,0,1,1,0,1,1
UCI327-06164,1,1,1,1,1,1,1,1,1,1,1,-1,-1,-1,-1,-1,1,1,0,1,1,1,1,-1,1,-1,1,1,1,1,1
UCI327-06147,1,1,1,1,1,1,1,1,1,-1,-1,1,-1,0,1,-1,-1,1,0,-1,1,-1,-1,-1,1,1,1,1,1,1,1
UCI327-07289,1,1,-1,1,-1,1,0,1,1,1,1,-1,-1,-1,1,-1,1,1,1,-1,1,-1,1,-1,-1,-1,-1,1,0,1,1
UCI327-10620,1,1,1,1,1,1,-1,1,1,1,1,1,1,-1,0,-1,1,1,0,1,1,1,1,1,1,0,-1,1,0,-1,1
UCI327-09970,1,1,-1,1,-1,1,-1,1,1,-1,-1,-1,-1,-1,1,0,-1,-1,1,-1,-1,-1,-1,1,-1,1,1,1,1,1,1
UCI327-09529,1,1,1,1,1,1,-1,1,-1,-1,-1,1,1,-1,0,-1,-1,1,0,-1,-1,-1,-1,1,1,1,-1,-1,0,1,1
UCI327-06925,1,1,1,1,1,1,0,1,1,1,1,1,1,-1,0,-1,1,1,0,1,1,1,1,-1,1,-1,-1,1,0,1,1
UCI327-09776,1,1,1,1,1,1,0,1,-1,-1,1,1,1,0,0,-1,1,1,0,-1,1,-1,1,1,1,1,-1,1,-1,1,1
UCI327-02433,1,1,1,1,1,1,0,1,-1,-1,-1,1,1,-1,-1,-1,-1,1,0,-1,-1,-1,-1,1,-1,1,-1,1,1,-1,1
UCI327-00533,1,1,1,1,1,1,-1,1,-1,-1,-1,1,-1,-1,0,-1,-1,1,0,1,1,-1,-1,-1,1,0,-1,1,0,-1,1
UCI327-07652,1,1,1,1,1,1,-1,1,1,1,1,1,1,0,0,1,1,1,1,1,1,1,1,-1,1,-1,-1,1,0,1,1
UCI327-11018,1,1,1,1,1,1,0,1,1,1,1,1,-1,-1,0,-1,1,1,0,1,1,1,1,1,1,1,-1,1,0,1,1
UCI327-06323,1,1,1,1,1,1,0,1,-1,1,1,1,1,-1,-1,-1,1,1,1,1,1,1,1,-1,1,-1,-1,1,0,1,1
UCI327-10883,1,1,1,1,1,1,1,1,-1,1,1,1,1,0,0,-1,-1,1,0,1,1,1,1,1,1,0,-1,1,0,1,1
UCI327-00710,1,1,1,1,1,1,-1,1,-1,-1,-1,1,1,-1,0,-1,-1,1,0,-1,1,-1,1,-1,-1,0,-1,1,0,-1,1
UCI327-08889,1,1,1,1,1,1,1,1,1,-1,-1,1,1,-1,1,-1,-1,1,0,1,1,-1,1,1,1,1,-1,1,1,1,1
UCI327-08360,1,1,1,1,-1,1,1,1,1,1,1,1,-1,0,0,-1,1,1,0,1,1,1,1,1,1,1,-1,-1,0,1,1
UCI327-01993,1,1,1,1,1,1,1,1,-1,1,1,1,-1,-1,0,-1,1,1,0,1,1,1,1,1,-1,-1,-1,1,0,1,1
UCI327-07336,1,1,1,1,1,1,1,1,-1,-1,-1,1,-1,-1,-1,-1,-1,1,0,1,1,-1,1,-1,1,1,-1,1,1,1,1
UCI327-02396,1,1,1,1,1,1,-1,1,-1,1,1,1,-1,-1,-1,-1,1,1,0,1,1,1,1,-1,1,0,-1,1,0,1,1
UCI327-09670,1,1,1,1,1,1,1,1,-1,1,1,1,1,0,0,-1,-1,1,0,1,1,1,1,1,1,-1,-1,1,0,1,1
UCI327-09876,1,1,1,1,1,1,0,1,-1,1,1,1,1,0,-1,-1,1,1,0,1,1,1,1,1,1,0,-1,-1,0,1,1
UCI327-03055,1,1,1,1,1,1,0,1,-1,1,1,1,1,-1,1,-1,-1,-1,0,1,1,1,1,-1,-1,1,-1,1,1,-1,1
UCI327-01170,1,1,-1,1,-1,1,-1,1,1,-1,-1,-1,-1,-1,1,1,-1,-1,1,-1,-1,-1,-1,-1,-1,-1,-1,1,1,-1,1
UCI327-10022,1,1,1,1,1,1,0,1,-1,1,1,1,-1,0,0,0,1,1,0,1,1,1,1,1,1,1,-1,-1,0,1,1
UCI327-02693,1,1,1,1,1,1,-1,1,-1,1,1,1,-1,-1,1,-1,1,1,0,1,1,1,1,1,-1,-1,-1,1,1,1,1
UCI327-09225,1,1,1,1,1,1,0,1,1,1,1,1,-1,-1,0,-1,1,1,0,1,1,1,1,1,1,0,-1,1,1,1,1
UCI327-05316,1,1,1,1,1,1,1,1,-1,1,1,1,1,0,-1,-1,1,1,0,1,1,1,1,-1,1,1,1,1,1,1,1
UCI327-01022,1,1,1,1,1,1,0,1,-1,1,1,1,1,-1,-1,1,1,1,0,1,1,1,1,-1,1,0,-1,1,0,1,1
UCI327-10515,1,1,-1,1,-1,1,-1,1,1,1,1,-1,-1,-1,1,-1,1,-1,0,1,1,1,1,1,1,0,-1,1,0,1,1
UCI327-10714,1,1,1,1,1,1,0,1,1,-1,1,1,-1,-1,0,1,1,1,0,-1,1,-1,1,-1,1,1,-1,1,0,1,1
UCI327-01629,1,1,1,1,1,1,-1,1,-1,-1,1,1,1,0,0,-1,1,1,0,1,1,-1,1,-1,1,0,-1,-1,0,1,1
UCI327-01942,1,1,1,1,1,1,1,1,1,1,1,1,-1,-1,0,-1,1,1,0,1,1,1,1,1,-1,-1,-1,1,0,1,1
UCI327-07915,1,1,1,1,1,1,0,1,1,-1,-1,1,1,-1,0,-1,-1,1,0,1,1,-1,1,-1,1,0,-1,1,0,-1,1
UCI327-06951,1,1,-1,1,-1,1,0,1,1,-1,-1,-1,-1,-1,1,0,-1,-1,0,-1,-1,-1,-1,1,-1,-1,1,-1,1,1,1
UCI327-01339,1,1,1,1,1,1,-1,1,1,1,1,1,-1,0,0,-1,1,1,0,1,1,1,1,1,1,1,-1,-1,1,1,1
UCI327-02769,1,1,1,1,1,1,-1,1,1,1,1,1,-1,-1,0,1,1,1,0,1,1,1,1,1,-1,-1,-1,-1,0,1,1
UCI327-06755,1,1,1,1,1,1,1,1,-1,1,1,1,1,-1,-1,-1,1,1,1,1,1,1,1,1,1,-1,-1,1,1,1,1
UCI327-05654,1,1,1,1,1,1,-1,1,1,1,1,1,-1,-1,-1,-1,1,1,0,1,1,1,1,-1,1,0,1,1,1,1,1
UCI327-01566,1,1,1,1,1,1,-1,1,1,1,1,1,-1,0,0,-1,1,1,0,1,1,1,1,-1,1,-1,1,-1,0,1,1
UCI327-05738,1,1,1,1,1,1,0,1,-1,-1,-1,1,1,-1,-1,-1,-1,1,0,-1,1,-1,1,-1,1,0,1,1,0,-1,1
UCI327-03007,1,1,1,1,1,1,-1,1,-1,1,1,1,1,0,-1,-1,1,1,0,1,1,1,1,-1,1,-1,-1,1,0,1,1
UCI327-08595,1,1,1,1,1,1,-1,1,1,1,1,1,-1,-1,1,-1,1,1,0,1,1,1,1,1,1,1,-1,-1,0,-1,1
UCI327-02678,1,1,1,1,1,1,1,1,-1,1,1,1,1,-1,-1,-1,1,1,0,1,1,1,1,-1,-1,-1,-1,1,1,1,1
UCI327-04683,1,1,1,1,1,1,0,1,1,1,1,1,-1,-1,-1,-1,1,1,0,1,1,1,1,1,-1,1,-1,-1,0,1,1
UCI327-08529,1,1,1,1,1,1,-1,1,1,1,1,1,-1,-1,0,-1,1,1,0,1,1,1,1,1,1,1,-1,1,1,1,1
UCI327-10461,1,1,1,1,1,1,-1,1,-1,1,1,1,1,-1,0,-1,1,1,0,1,1,1,1,1,1,0,1,1,0,1,1
UCI327-06002,1,1,1,1,1,1,-1,1,-1,1,1,1,1,-1,-1,-1,1,1,0,1,1,1,1,1,1,-1,1,1,1,1,1
UCI327-00315,1,1,1,1,1,1,-1,1,1,1,1,1,-1,-1,0,-1,1,1,0,1,1,1,1,-1,1,0,-1,1,0,1,1
UCI327-05556,1,1,1,1,1,1,0,1,-1,1,1,1,1,-1,-1,-1,1,1,0,1,1,1,1,-1,1,-1,1,1,1,1,1
UCI327-10286,1,1,1,1,1,1,1,1,-1,1,1,1,1,0,0,-1,1,1,0,1,1,1,1,1,1,1,-1,1,0,1,1
UCI327-06043,1,1,1,1,1,1,1,1,-1,1,1,1,1,-1,0,-1,1,1,0,1,1,1,1,1,1,-1,1,1,1,1,1
UCI327-09219,1,1,1,1,1,1,1,1,-1,1,1,1,1,-1,0,-1,1,1,0,1,1,1,1,1,1,0,1,1,1,-1,1
UCI327-10500,1,1,1,1,1,1,1,1,1,1,1,1,-1,0,-1,-1,1,1,0,1,1,1,1,1,1,0,-1,1,1,1,1
UCI327-10476,1,1,1,1,1,1,0,1,1,1,1,1,-1,-1,-1,-1,1,1,0,1,1,1,1,1,1,0,-1,1,0,1,1
UCI327-09569,1,1,1,1,1,1,0,1,1,1,1,1,1,-1,-1,-1,1,1,0,1,1,1,1,1,1,0,-1,1,0,1,1
UCI327-08528,1,1,1,1,1,1,-1,1,1,1,1,1,-1,-1,1,-1,1,1,0,1,1,1,1,1,1,0,-1,1,0,1,1
UCI327-00034,1,1,1,1,1,1,0,1,1,1,1,1,-1,-1,-1,-1,-1,-1,0,1,1,1,1,1,-1,1,-1,1,1,-1,1
UCI327-06845,1,1,1,1,1,1,-1,1,-1,1,1,1,-1,0,-1,-1,1,1,0,1,1,1,1,-1,1,0,1,1,0,1,1
UCI327-05472,1,1,-1,1,1,1,0,1,-1,1,1,-1,-1,-1,-1,-1,-1,-1,0,1,1,1,1,-1,-1,-1,1,1,0,1,1
UCI327-08240,1,1,1,1,1,1,-1,1,-1,1,1,1,-1,1,-1,-1,1,1,0,1,1,1,1,1,1,1,-1,-1,0,1,1
UCI327-02224,1,1,1,1,1,1,-1,1,1,1,1,1,-1,0,0,-1,1,1,0,1,1,1,1,-1,1,-1,-1,-1,0,1,1
UCI327-03544,1,1,1,1,1,1,-1,1,1,1,1,1,1,-1,-1,1,1,1,0,1,1,1,1,-1,-1,0,-1,1,0,-1,1
UCI327-00806,1,1,-1,1,-1,1,0,1,1,-1,-1,-1,-1,-1,1,-1,-1,-1,1,-1,1,-1,-1,-1,-1,-1,-1,-1,1,-1,1
UCI327-01874,1,1,1,1,1,1,-1,1,-1,1,1,1,-1,-1,0,1,1,1,0,1,1,1,1,-1,-1,-1,-1,1,0,1,1
UCI327-05913,1,1,1,1,1,1,0,1,1,-1,-1,1,-1,-1,0,-1,-1,1,0,-1,-1,-1,-1,-1,1,0,-1,1,0,1,1
UCI327-06901,1,1,1,1,1,1,1,1,1,1,1,1,-1,0,0,0,1,1,1,1,1,1,1,-1,1,-1,-1,1,0,1,1
UCI327-09177,1,1,1,1,1,1,-1,1,-1,1,1,1,1,-1,-1,-1,1,1,0,1,1,1,1,1,1,1,-1,1,1,-1,1
UCI327-03646,1,1,1,1,1,1,-1,1,1,1,1,1,-1,0,0,-1,1,1,0,1,1,1,1,-1,-1,1,-1,1,0,1,1
UCI327-08656,1,1,1,1,1,1,0,1,1,1,1,1,-1,-1,1,-1,1,1,0,1,1,1,1,1,1,0,-1,1,0,1,1
UCI327-05863,1,1,1,1,1,1,0,1,1,-1,-1,1,-1,-1,0,0,-1,1,0,-1,-1,-1,-1,-1,1,-1,1,1,0,1,1
UCI327-02805,1,1,1,1,1,1,-1,1,1,1,1,1,1,0,0,-1,1,1,0,1,1,1,1,-1,1,-1,1,-1,0,1,1
UCI327-08398,1,1,1,1,1,1,1,1,-1,-1,-1,1,1,1,-1,-1,-1,1,0,-1,-1,-1,-1,1,1,1,-1,-1,1,1,1
UCI327-05515,1,1,1,1,1,1,0,1,1,1,1,1,-1,0,0,-1,1,1,1,1,1,1,1,-1,1,1,1,1,1,1,1
UCI327-03005,1,1,1,1,1,1,0,1,-1,1,1,1,1,-1,1,-1,1,1,0,1,1,1,1,1,-1,-1,-1,-1,1,1,1
UCI327-07268,1,1,1,1,1,1,0,1,-1,1,1,1,1,-1,0,-1,1,1,0,1,1,1,1,-1,1,1,1,1,1,1,1
UCI327-08795,1,1,1,1,1,1,0,1,1,1,1,1,-1,-1,0,-1,1,1,0,1,1,1,1,1,1,0,-1,1,0,1,1
UCI327-09604,1,1,-1,1,-1,1,0,1,-1,1,1,-1,1,0,0,-1,1,-1,1,1,1,1,1,1,-1,1,1,1,1,1,1
UCI327-05232,1,1,1,1,1,1,0,1,1,1,-1,1,1,-1,-1,-1,-1,1,0,-1,-1,-1,-1,-1,1,-1,1,1,0,1,1
UCI327-06833,1,1,1,1,-1,1,0,1,1,1,1,1,-1,0,-1,-1,1,1,0,1,1,1,1,-1,1,0,1,-1,1,1,1
UCI327-00622,1,1,1,1,1,1,-1,1,-1,1,1,1,1,-1,-1,-1,1,1,0,1,1,1,1,1,-1,0,-1,1,1,1,1
UCI327-09972,1,1,1,1,1,1,0,1,-1,1,1,1,1,0,1,-1,1,1,0,1,1,-1,1,1,1,1,1,1,1,1,1
UCI327-10868,1,1,1,1,1,1,0,1,1,1,1,1,1,0,-1,-1,1,1,0,1,1,1,1,1,1,0,-1,-1,0,1,1
UCI327-00868,1,1,1,1,1,1,0,1,-1,1,1,1,1,0,0,-1,1,1,0,1,1,1,1,1,-1,-1,-1,1,0,1,1
UCI327-09367,1,1,1,1,1,1,0,1,-1,1,1,1,1,-1,-1,-1,1,1,0,1,1,1,1,1,1,1,1,1,0,1,1
UCI327-05618,1,1,-1,1,-1,1,0,1,-1,-1,-1,-1,-1,-1,1,1,-1,-1,0,-1,-1,-1,-1,-1,-1,1,1,-1,1,-1,1
UCI327-06109,1,1,1,1,1,1,1,1,-1,-1,1,1,1,-1,1,-1,1,1,0,1,1,-1,1,-1,1,1,-1,1,1,1,1
UCI327-08497,1,1,1,1,1,1,1,1,-1,-1,-1,1,1,1,-1,-1,-1,1,0,1,1,1,1,1,1,-1,-1,-1,1,1,1
UCI327-00912,1,1,1,1,1,1,0,1,1,1,1,1,-1,-1,0,1,1,1,0,1,1,1,1,1,-1,0,-1,1,0,1,1
UCI327-05945,1,1,1,1,1,1,0,1,-1,1,1,1,-1,-1,0,-1,1,1,0,1,1,1,1,-1,1,-1,-1,1,0,-1,1
UCI327-00368,1,1,-1,1,-1,1,-1,1,-1,-1,1,-1,1,-1,1,-1,1,-1,1,1,1,-1,1,-1,-1,0,-1,1,1,-1,1
UCI327-00931,1,1,1,1,1,1,1,1,1,1,1,1,-1,-1,1,-1,1,1,0,1,1,1,1,1,-1,-1,-1,1,1,1,1
UCI327-05156,1,1,1,1,1,1,0,1,-1,1,-1,1,1,1,-1,0,1,1,0,1,1,1,1,-1,1,-1,1,1,0,1,1
UCI327-00786,1,1,1,1,1,1,-1,1,-1,1,1,1,-1,1,0,-1,1,1,0,1,1,1,1,-1,-1,-1,-1,-1,1,1,1
UCI327-09170,1,1,1,1,1,1,0,1,1,1,1,1,-1,-1,-1,-1,1,1,0,1,1,1,1,1,1,1,-1,1,0,1,1
UCI327-01512,1,1,1,1,1,1,-1,1,1,1,1,1,-1,0,-1,-1,1,1,0,1,1,1,1,-1,-1,-1,-1,-1,1,1,1
UCI327-00476,1,1,1,1,1,1,-1,1,-1,1,1,1,1,-1,-1,1,1,1,0,1,1,1,1,-1,-1,0,-1,1,0,1,1
UCI327-06000,1,1,1,1,1,1,0,1,1,1,1,1,-1,-1,-1,-1,1,1,1,1,1,1,1,-1,1,-1,-1,1,0,1,1
UCI327-01979,1,1,1,1,1,1,-1,1,-1,1,1,1,-1,0,-1,-1,1,1,0,1,1,1,1,1,-1,-1,1,1,0,1,1
UCI327-07834,1,1,1,1,1,1,-1,1,1,1,1,1,-1,-1,-1,-1,1,1,0,1,1,1,1,-1,1,-1,1,1,0,1,1
UCI327-01029,1,1,1,1,1,1,0,1,1,1,1,1,-1,0,-1,-1,1,1,0,1,1,1,1,-1,1,0,-1,-1,0,1,1
UCI327-09132,1,1,1,1,1,1,-1,1,-1,1,1,1,1,-1,-1,-1,1,1,0,1,1,1,1,1,1,1,-1,1,0,1,1
UCI327-02654,1,1,1,1,1,1,0,1,-1,1,1,1,1,-1,1,-1,1,1,0,1,1,1,1,1,1,1,-1,-1,0,-1,1
UCI327-08862,1,1,1,1,1,1,0,1,-1,1,1,1,1,-1,-1,-1,1,1,0,1,1,1,1,1,1,1,-1,1,0,1,1
UCI327-08935,1,1,1,1,1,1,0,1,-1,1,1,1,1,0,-1,-1,1,1,0,1,1,1,1,1,1,1,-1,-1,0,1,1
UCI327-00246,1,1,1,1,1,1,1,1,-1,1,1,1,1,0,1,1,1,1,0,1,1,-1,1,1,-1,0,-1,1,1,1,1
UCI327-05656,1,1,1,1,1,1,0,1,1,1,1,1,-1,0,-1,-1,1,1,1,1,1,1,1,-1,1,-1,1,1,1,1,1
UCI327-09000,1,1,1,1,1,1,1,1,1,1,1,1,1,-1,1,-1,-1,-1,0,1,1,1,1,1,1,1,-1,1,1,-1,1
UCI327-00714,1,1,1,1,1,1,1,1,1,1,1,1,-1,-1,0,-1,1,1,0,1,1,1,1,1,-1,-1,-1,-1,0,1,1
UCI327-06624,1,1,1,1,1,1,1,1,-1,1,1,1,1,-1,0,-1,1,1,0,1,1,1,1,-1,1,0,-1,1,0,1,1
UCI327-00481,1,1,1,1,1,1,-1,1,-1,1,1,1,1,-1,-1,1,1,1,0,1,1,1,1,-1,-1,-1,-1,1,0,1,1
UCI327-03308,1,1,1,1,1,1,-1,1,-1,1,1,1,1,-1,0,-1,1,1,0,1,1,1,1,-1,1,-1,-1,1,0,-1,1
UCI327-06406,1,1,1,1,1,1,0,1,1,1,1,1,1,0,-1,0,1,1,1,1,1,1,1,-1,1,-1,1,1,0,1,1
UCI327-06642,1,1,1,1,1,1,0,1,1,1,1,1,1,0,0,-1,1,1,1,1,1,1,1,-1,1,1,1,1,0,1,1
UCI327-08752,1,1,1,1,1,1,0,1,-1,-1,-1,-1,1,0,0,-1,-1,-1,0,-1,1,-1,1,1,1,1,-1,1,0,1,1
UCI327-09871,1,1,1,1,1,1,0,1,1,1,1,1,-1,-1,-1,-1,1,1,0,1,1,1,1,-1,1,0,1,1,1,1,1
UCI327-08071,1,1,1,1,1,1,0,1,-1,1,1,1,-1,0,-1,1,1,1,0,1,1,1,1,-1,1,-1,1,1,0,1,1
UCI327-05405,1,1,1,1,1,1,1,1,1,1,1,1,-1,0,-1,-1,1,1,0,1,1,1,1,-1,1,0,1,1,1,-1,1
UCI327-02606,1,1,1,1,1,1,-1,1,1,1,1,1,-1,0,0,-1,1,1,0,1,1,1,1,1,-1,1,-1,-1,1,1,1
UCI327-07229,1,1,1,1,1,1,0,1,1,1,1,1,1,0,-1,-1,1,1,1,1,1,1,1,-1,1,1,1,1,0,1,1
UCI327-10311,1,1,1,1,1,1,-1,1,-1,1,1,1,1,-1,0,0,1,1,0,1,1,1,1,-1,1,0,1,1,0,1,1
UCI327-02567,1,1,-1,1,-1,1,1,1,1,-1,-1,-1,-1,-1,1,-1,1,-1,1,-1,1,-1,-1,-1,-1,-1,-1,-1,1,-1,1
UCI327-06314,1,1,1,1,1,1,0,1,-1,1,1,1,1,-1,0,-1,1,1,0,1,1,1,1,1,1,0,-1,1,1,1,1
UCI327-05581,1,1,1,1,1,1,1,1,-1,1,1,1,1,1,-1,-1,1,1,0,1,1,1,1,-1,1,-1,1,1,0,1,1
UCI327-06042,1,1,-1,1,-1,1,1,1,-1,1,1,-1,1,0,-1,-1,1,-1,0,1,1,1,1,1,-1,0,-1,-1,1,1,1
UCI327-08654,1,1,1,1,1,1,0,1,-1,1,1,1,1,-1,1,-1,1,1,0,1,1,1,1,1,1,0,-1,1,1,1,1
UCI327-07889,1,1,-1,1,-1,1,1,1,-1,1,1,-1,-1,-1,1,0,1,-1,0,1,1,1,1,-1,-1,-1,1,-1,0,1,1
UCI327-07039,1,1,1,1,1,1,0,1,-1,1,1,1,-1,-1,0,-1,1,1,0,1,1,1,1,-1,1,-1,1,1,1,-1,1
UCI327-06841,1,1,1,1,1,1,1,1,-1,1,1,1,1,-1,-1,-1,1,1,0,1,1,1,1,1,1,-1,-1,1,0,1,1
UCI327-02456,1,1,1,1,-1,1,0,1,1,1,1,-1,-1,-1,-1,-1,1,1,0,-1,1,1,1,1,-1,-1,-1,-1,1,-1,1
UCI327-05949,1,1,1,1,1,1,0,1,1,1,1,1,-1,-1,0,-1,1,1,1,1,1,1,1,-1,1,-1,1,1,1,-1,1
UCI327-07407,1,1,1,1,1,1,0,1,1,1,1,1,-1,1,-1,-1,1,1,0,1,1,1,1,-1,1,-1,1,1,1,1,1
UCI327-00164,1,1,1,1,1,1,0,1,1,-1,1,-1,-1,-1,0,-1,1,1,0,-1,1,-1,1,1,1,-1,-1,1,1,1,1
UCI327-05676,1,1,1,1,1,1,0,1,-1,1,1,1,-1,0,0,-1,1,1,0,1,1,1,1,-1,1,0,1,1,0,1,1
UCI327-05147,1,1,-1,1,-1,1,0,1,1,1,-1,1,-1,-1,1,-1,1,-1,1,1,-1,1,-1,-1,1,-1,1,1,1,-1,1
UCI327-10637,1,1,1,1,1,1,0,1,1,1,1,1,-1,-1,-1,-1,1,1,0,1,1,1,1,1,1,0,-1,1,1,1,1
UCI327-10348,1,1,1,1,1,1,0,1,1,-1,-1,1,-1,-1,0,-1,-1,1,0,-1,-1,-1,-1,1,1,1,-1,1,1,1,1
UCI327-08366,1,1,1,1,1,1,-1,1,-1,1,1,1,-1,-1,1,-1,1,1,0,1,1,1,1,1,1,1,1,1,1,1,1
UCI327-07833,1,1,1,1,1,1,0,1,1,1,1,1,-1,-1,-1,-1,1,1,0,1,1,1,1,-1,1,1,1,1,1,1,1
UCI327-00012,1,1,-1,1,-1,1,0,1,1,1,1,-1,-1,-1,1,-1,1,1,0,-1,1,-1,1,1,-1,-1,-1,1,0,1,1
UCI327-00977,1,1,1,1,1,1,-1,1,-1,-1,-1,1,-1,-1,1,-1,-1,1,0,-1,-1,-1,-1,-1,1,-1,-1,-1,0,-1,1
UCI327-07028,1,1,1,1,1,1,0,1,1,1,1,1,-1,-1,-1,-1,1,1,0,1,1,1,1,-1,1,-1,1,1,0,1,1
UCI327-06385,1,1,1,1,1,1,0,1,-1,1,1,1,1,-1,0,-1,1,1,1,1,1,1,1,1,1,0,-1,1,1,1,1
UCI327-00093,1,1,1,1,1,1,-1,1,-1,1,1,1,1,-1,0,-1,1,1,0,1,1,1,1,-1,1,-1,-1,1,0,1,1
UCI327-05636,1,1,-1,1,1,1,0,1,-1,1,1,1,1,0,1,-1,1,1,1,1,1,1,1,-1,1,0,1,1,0,1,1
UCI327-00879,1,1,1,1,1,1,-1,1,1,1,1,1,1,0,-1,-1,1,1,0,1,1,1,1,1,-1,1,-1,1,1,1,1
UCI327-08249,1,1,1,1,-1,1,-1,1,1,-1,-1,1,-1,-1,0,-1,-1,1,0,-1,1,-1,-1,1,1,1,-1,1,0,1,1
UCI327-05231,1,1,1,1,1,1,0,1,-1,1,1,1,1,-1,-1,-1,-1,1,0,1,1,1,1,-1,1,-1,1,1,0,1,1
UCI327-06446,1,1,1,1,1,1,1,1,-1,1,1,-1,-1,0,-1,-1,1,1,0,1,1,1,1,-1,1,0,1,1,0,1,1
UCI327-07334,1,1,-1,1,-1,1,0,1,-1,1,1,-1,1,-1,-1,-1,1,-1,0,1,1,1,1,-1,-1,1,-1,-1,1,1,1
UCI327-00859,1,1,1,1,1,1,0,1,-1,1,1,1,1,-1,-1,-1,1,1,0,1,1,1,1,1,-1,-1,-1,1,0,1,1
UCI327-02608,1,1,1,1,1,1,0,1,1,-1,-1,-1,-1,-1,-1,-1,-1,1,0,-1,-1,-1,-1,1,-1,1,-1,1,1,-1,1
UCI327-05308,1,1,1,1,1,1,0,1,1,1,1,1,-1,-1,-1,-1,1,1,1,-1,1,1,1,-1,1,-1,1,1,0,-1,1
UCI327-10635,1,1,1,1,1,1,-1,1,1,1,1,1,-1,-1,0,-1,1,1,0,1,1,1,1,1,1,0,-1,1,1,-1,1
UCI327-00584,1,1,1,1,1,1,-1,1,-1,1,1,1,-1,-1,-1,-1,1,1,0,1,1,1,1,-1,-1,-1,-1,1,0,1,1
UCI327-01915,1,1,1,1,1,1,0,1,1,-1,-1,1,-1,-1,1,-1,-1,1,0,1,1,-1,1,1,1,-1,-1,-1,0,-1,1
UCI327-00086,1,1,1,1,-1,1,1,1,-1,-1,-1,-1,1,0,-1,-1,-1,-1,0,-1,1,-1,1,1,-1,0,-1,1,-1,-1,1
UCI327-06210,1,1,1,1,1,1,0,1,1,1,1,1,-1,-1,-1,-1,1,1,0,1,1,1,1,-1,1,1,-1,1,1,1,1
UCI327-08223,1,1,-1,1,1,1,-1,1,-1,1,1,1,1,0,-1,-1,-1,1,0,1,1,1,1,1,1,1,-1,1,1,1,1
UCI327-07589,1,1,1,1,1,1,0,1,1,1,1,1,-1,-1,-1,-1,1,1,0,1,1,1,1,-1,1,0,-1,1,1,1,1
UCI327-06464,1,1,1,1,1,1,0,1,1,1,1,1,-1,-1,1,-1,1,1,0,1,1,1,1,-1,1,-1,-1,1,1,1,1
UCI327-10436,1,1,1,1,1,1,-1,1,-1,1,1,-1,1,-1,0,-1,1,1,0,1,1,1,1,1,1,0,-1,1,1,1,1
UCI327-09907,1,1,-1,1,-1,1,1,1,-1,-1,-1,-1,1,-1,1,-1,-1,-1,1,-1,-1,-1,-1,1,-1,0,1,1,1,1,1
UCI327-00116,1,1,-1,1,-1,1,1,1,-1,1,1,-1,1,-1,1,1,1,-1,1,-1,1,-1,1,1,1,1,-1,1,0,-1,1
UCI327-09240,1,1,1,1,1,1,0,1,1,1,1,1,-1,0,-1,-1,1,1,0,1,1,1,1,-1,1,0,1,1,0,1,1
UCI327-06379,1,1,1,1,1,1,-1,1,-1,1,1,1,-1,-1,0,-1,1,1,0,1,1,1,1,1,1,-1,1,1,0,1,1
UCI327-02908,1,1,1,1,-1,1,0,1,-1,1,1,-1,-1,-1,1,-1,1,1,0,1,1,1,1,1,-1,-1,-1,1,0,1,1
UCI327-08092,1,1,1,1,1,1,0,1,-1,1,1,1,1,-1,1,-1,1,1,0,1,1,1,1,-1,1,1,1,1,0,1,1
UCI327-10393,1,1,1,1,1,1,-1,1,1,1,1,1,-1,0,-1,0,1,1,0,1,1,1,1,1,1,1,-1,1,0,1,1
UCI327-10076,1,1,1,1,1,1,-1,1,-1,1,1,1,1,-1,0,0,1,1,0,1,1,1,1,1,1,0,-1,-1,0,-1,1
UCI327-00942,1,1,1,1,1,1,0,1,1,1,1,1,-1,0,0,-1,1,1,0,1,1,1,1,1,-1,-1,1,-1,1,1,1
UCI327-10817,1,1,1,1,1,1,-1,1,-1,1,1,1,1,-1,0,-1,1,1,0,1,1,1,1,1,1,0,1,1,0,1,1
UCI327-06352,1,1,1,1,1,1,0,1,-1,1,1,1,1,-1,0,-1,1,1,0,1,1,1,1,-1,1,-1,1,1,0,1,1
UCI327-01996,1,1,1,1,1,1,1,1,1,1,1,1,-1,-1,-1,-1,1,1,0,1,1,1,1,1,-1,-1,-1,1,0,1,1
UCI327-00918,1,1,1,1,1,1,1,1,-1,1,1,1,1,0,-1,-1,1,1,0,1,1,1,1,-1,1,0,-1,-1,0,1,1
UCI327-06919,1,1,1,1,1,1,1,1,1,1,1,1,1,-1,-1,-1,1,1,0,1,1,1,1,-1,1,-1,-1,1,0,1,1
UCI327-10638,1,1,1,1,1,1,-1,1,-1,1,1,1,-1,-1,-1,-1,1,1,0,1,1,1,1,1,1,0,-1,-1,0,1,1
UCI327-00042,1,1,1,1,1,1,-1,1,1,-1,-1,1,-1,-1,-1,-1,-1,-1,0,-1,1,-1,1,-1,-1,1,-1,1,-1,-1,1
UCI327-06694,1,1,1,1,1,1,0,1,1,-1,-1,1,-1,-1,-1,-1,-1,-1,0,-1,1,-1,1,-1,1,1,-1,1,-1,1,1
UCI327-07844,1,1,1,1,1,1,0,1,1,1,1,1,-1,0,-1,-1,1,1,0,1,1,1,1,1,1,0,-1,1,0,1,1
UCI327-06214,1,1,1,1,1,1,0,1,1,1,1,1,1,-1,-1,-1,1,1,0,1,1,1,1,1,1,0,1,1,0,1,1
UCI327-01196,1,1,1,1,1,1,0,1,-1,1,1,1,1,-1,0,-1,1,1,0,1,1,1,1,-1,-1,-1,-1,1,0,1,1
UCI327-06161,1,1,1,1,1,1,0,1,1,1,1,1,-1,-1,-1,-1,1,1,0,1,1,1,1,-1,1,-1,1,1,1,1,1
UCI327-09358,1,1,1,1,1,1,-1,1,-1,1,1,1,1,-1,0,-1,1,1,0,1,1,1,1,-1,1,0,-1,1,1,-1,1
UCI327-02645,1,1,1,1,1,1,-1,1,1,1,1,1,-1,-1,-1,-1,1,1,0,1,1,1,1,1,-1,-1,-1,1,1,1,1
UCI327-07979,1,1,1,1,1,1,0,1,1,1,1,1,1,0,-1,-1,1,1,1,1,1,1,1,-1,1,0,-1,1,0,1,1
UCI327-09344,1,1,1,1,1,1,-1,1,1,1,1,1,-1,-1,1,-1,1,1,0,1,1,1,1,1,1,1,-1,1,1,1,1
UCI327-06311,1,1,1,1,1,1,1,1,-1,1,1,1,-1,-1,-1,0,-1,1,0,1,1,1,1,-1,1,-1,1,1,0,1,1
UCI327-08379,1,1,1,1,1,1,-1,1,-1,1,1,1,-1,-1,0,-1,1,1,0,1,1,1,1,1,1,1,-1,1,0,1,1
UCI327-09653,1,1,1,1,1,1,-1,1,1,1,1,1,-1,-1,-1,-1,1,1,0,1,1,1,1,1,1,0,-1,-1,1,1,1
UCI327-08573,1,1,1,1,1,1,0,1,-1,1,1,1,1,0,-1,-1,1,1,0,1,1,1,1,1,1,1,1,1,0,1,1
UCI327-00576,1,1,1,1,1,1,0,1,-1,1,1,1,-1,0,1,-1,1,1,0,1,1,1,1,-1,1,0,-1,1,0,1,1
UCI327-05710,1,1,1,1,1,1,0,1,-1,1,1,1,1,-1,1,-1,1,1,1,1,1,1,1,-1,1,1,-1,1,0,-1,1
UCI327-10195,1,1,1,1,1,1,0,1,-1,1,1,1,1,-1,-1,-1,1,1,0,1,1,1,1,-1,1,1,1,1,0,1,1
UCI327-07364,1,1,-1,1,-1,1,0,1,-1,-1,1,-1,1,-1,1,-1,1,-1,0,1,1,-1,1,-1,-1,0,1,-1,1,1,1
UCI327-08364,1,1,1,1,1,1,1,1,-1,-1,-1,1,1,1,-1,-1,-1,1,0,-1,-1,-1,-1,1,1,1,-1,1,1,1,1
UCI327-02617,1,1,1,1,1,1,-1,1,1,1,1,1,1,0,-1,-1,1,1,0,1,1,1,1,1,-1,0,-1,-1,1,-1,1
UCI327-10017,1,1,1,1,1,1,-1,1,-1,1,1,1,1,-1,0,-1,1,1,0,1,1,1,1,1,1,1,-1,1,0,-1,1
UCI327-03596,1,1,-1,1,-1,1,0,1,-1,1,1,-1,-1,-1,1,-1,1,-1,1,1,1,1,1,1,1,-1,-1,1,0,-1,1
UCI327-07712,1,1,1,1,1,1,0,1,-1,-1,1,-1,-1,-1,0,-1,1,1,0,-1,1,-1,-1,-1,1,0,-1,1,0,-1,1
UCI327-11021,1,1,1,1,1,1,-1,1,-1,-1,1,1,1,-1,1,-1,1,1,0,1,1,-1,1,1,1,0,-1,1,0,1,1
UCI327-07205,1,1,1,1,1,1,0,1,-1,1,1,1,-1,-1,-1,-1,1,1,0,1,1,1,1,-1,1,-1,-1,1,0,1,1
UCI327-10981,1,1,1,1,1,1,1,1,-1,1,1,1,1,-1,1,-1,1,1,0,1,1,1,1,1,1,1,-1,1,0,1,1
UCI327-00334,1,1,1,1,1,1,-1,1,-1,1,1,1,1,-1,-1,1,1,1,0,1,1,1,1,1,-1,-1,-1,1,1,1,1
UCI327-01851,1,1,1,1,1,1,-1,1,-1,-1,-1,1,1,-1,0,-1,-1,1,0,1,1,1,1,-1,1,1,-1,-1,0,-1,1
UCI327-05977,1,1,-1,1,-1,1,-1,1,-1,1,1,-1,1,-1,1,0,1,-1,0,1,1,1,1,1,-1,-1,-1,-1,0,1,1
UCI327-05555,1,1,1,1,1,1,0,1,-1,1,1,1,1,-1,0,0,1,1,0,1,1,1,1,1,1,-1,1,1,0,-1,1
UCI327-06526,1,1,1,1,1,1,1,1,1,1,1,1,-1,-1,-1,0,1,1,0,1,1,1,1,-1,1,-1,1,1,0,1,1
UCI327-03191,1,1,1,1,1,1,-1,1,1,1,1,1,1,-1,-1,-1,1,1,0,1,1,1,1,-1,-1,0,-1,1,0,1,1
UCI327-07307,1,1,1,1,1,1,0,1,1,1,1,1,1,0,-1,-1,1,1,1,1,1,1,1,-1,1,1,-1,1,0,1,1
UCI327-08301,1,1,1,1,1,1,-1,1,-1,1,1,1,-1,-1,0,-1,1,1,0,1,1,1,1,1,1,1,-1,-1,1,1,1
UCI327-07359,1,1,1,1,1,1,0,1,-1,1,1,1,-1,0,0,-1,1,1,1,1,1,1,1,-1,1,0,1,1,0,1,1
UCI327-09589,1,1,1,1,1,1,-1,1,1,1,1,1,-1,-1,0,0,1,1,0,1,1,1,1,1,1,1,-1,1,1,1,1
UCI327-01999,1,1,1,1,1,1,0,1,1,1,1,1,-1,0,0,-1,1,1,0,1,1,1,1,1,1,-1,1,1,0,1,1
UCI327-07517,1,1,-1,1,-1,1,0,1,1,1,1,-1,-1,-1,1,-1,1,1,0,-1,1,-1,1,-1,-1,-1,-1,1,0,1,1
UCI327-10150,1,1,1,1,1,1,0,1,-1,1,1,1,-1,0,0,-1,1,1,0,1,1,1,1,1,1,1,-1,1,0,1,1
UCI327-01241,1,1,-1,1,1,1,0,1,1,1,1,1,-1,-1,-1,-1,1,1,0,1,1,1,1,-1,-1,0,-1,-1,1,1,1
UCI327-08236,1,1,1,1,-1,1,0,1,-1,1,1,1,1,-1,-1,-1,1,1,0,1,1,1,1,1,1,1,-1,-1,0,1,1
UCI327-01225,1,1,1,1,1,1,-1,1,-1,1,1,1,-1,0,-1,-1,1,1,0,1,1,1,1,-1,-1,-1,-1,1,1,1,1
UCI327-00100,1,1,1,1,1,1,-1,1,-1,1,1,-1,1,0,-1,-1,1,1,0,1,1,1,1,-1,-1,0,-1,1,0,1,1
UCI327-10124,1,1,1,1,1,1,-1,1,-1,1,1,1,1,1,0,-1,1,1,0,1,1,1,1,1,1,0,1,1,0,1,1
UCI327-10704,1,1,1,1,-1,1,0,1,1,1,1,1,-1,0,-1,-1,1,1,1,1,1,1,1,1,1,1,-1,-1,1,1,1
UCI327-07361,1,1,1,1,1,1,0,1,-1,1,1,1,1,0,0,-1,1,1,0,1,1,1,1,-1,1,1,1,1,0,1,1
UCI327-03110,1,1,1,1,1,1,-1,1,-1,1,1,1,-1,-1,-1,-1,1,1,0,1,1,1,1,-1,-1,0,-1,-1,0,1,1
UCI327-00009,1,1,-1,1,1,1,-1,1,-1,1,1,1,1,0,1,-1,1,1,0,1,1,1,1,1,-1,0,-1,1,0,1,1
UCI327-01419,1,1,1,1,1,1,0,1,-1,1,1,1,1,0,-1,-1,1,1,0,1,1,1,1,1,-1,-1,-1,-1,1,1,1
UCI327-06946,1,1,1,1,1,1,0,1,1,1,1,1,-1,0,-1,-1,1,1,1,1,1,1,1,-1,1,0,-1,1,0,1,1
UCI327-06937,1,1,1,1,1,1,0,1,-1,1,1,1,-1,-1,-1,-1,1,1,1,1,1,1,1,-1,1,0,-1,1,0,1,1
UCI327-06222,1,1,1,1,1,1,-1,1,-1,-1,-1,1,-1,-1,-1,-1,-1,1,0,-1,-1,-1,-1,-1,1,0,1,1,0,1,1
UCI327-01334,1,1,1,1,1,1,-1,1,-1,1,1,1,1,0,-1,-1,-1,1,0,1,1,1,1,1,-1,1,-1,-1,-1,1,1
UCI327-09906,1,1,1,1,1,1,0,1,1,1,1,1,-1,-1,-1,-1,1,1,0,1,1,1,1,1,1,0,-1,1,0,1,1
UCI327-02765,1,1,-1,1,-1,1,0,1,-1,1,1,-1,1,-1,1,1,1,-1,1,1,1,1,1,-1,-1,-1,-1,1,0,-1,1
UCI327-09959,1,1,1,1,1,1,1,1,1,1,1,1,-1,-1,-1,-1,-1,-1,0,1,1,1,1,1,1,0,-1,1,1,1,1
UCI327-07755,1,1,1,1,1,1,0,1,1,-1,1,-1,-1,-1,0,-1,1,1,0,-1,1,-1,1,-1,1,-1,-1,1,1,1,1
UCI327-07607,1,1,1,1,1,1,0,1,1,1,1,1,-1,-1,-1,1,1,1,0,1,1,1,1,-1,1,-1,-1,1,1,-1,1
UCI327-07511,1,1,1,1,1,1,0,1,-1,1,1,-1,1,-1,0,-1,1,1,0,1,1,1,1,-1,1,-1,-1,1,1,1,1
UCI327-00157,1,1,1,1,1,1,0,1,-1,1,1,1,1,-1,0,-1,1,1,0,1,1,1,1,1,-1,-1,-1,1,-1,1,1
UCI327-00477,1,1,1,1,1,1,0,1,1,1,1,1,-1,-1,1,-1,1,1,0,1,1,1,1,1,-1,-1,-1,1,1,1,1
UCI327-00906,1,1,1,1,1,1,0,1,1,-1,-1,1,-1,-1,0,-1,-1,1,0,-1,1,-1,-1,1,-1,0,-1,-1,1,-1,1
UCI327-05665,1,1,1,1,1,1,-1,1,-1,1,1,1,1,-1,-1,-1,1,1,0,1,1,1,1,-1,1,-1,1,1,0,1,1
UCI327-09718,1,1,1,1,1,1,-1,1,-1,1,1,1,-1,-1,-1,0,1,1,0,1,1,1,1,1,1,1,-1,1,0,1,1
UCI327-02041,1,1,1,1,1,1,-1,1,-1,1,1,1,1,-1,-1,1,1,1,0,1,1,1,1,-1,1,-1,-1,1,0,1,1
UCI327-06281,1,1,1,1,1,1,0,1,-1,-1,-1,1,1,-1,0,-1,-1,1,1,1,1,1,1,-1,1,1,1,1,0,1,1
UCI327-05285,1,1,1,1,1,1,1,1,-1,1,1,1,1,0,1,-1,1,1,0,1,1,1,1,1,1,1,1,1,0,-1,1
UCI327-08835,1,1,-1,1,-1,1,0,1,-1,-1,-1,-1,-1,-1,1,0,-1,-1,0,-1,1,-1,1,1,-1,0,-1,1,-1,1,1
UCI327-00831,1,1,1,1,1,1,-1,1,-1,1,1,1,1,-1,-1,-1,1,1,0,1,1,1,1,-1,-1,0,-1,1,0,1,1
UCI327-00281,1,1,1,1,1,1,0,1,-1,1,1,1,-1,-1,0,-1,1,1,0,1,1,-1,1,-1,1,0,-1,1,1,1,1
UCI327-02029,1,1,1,1,1,1,0,1,-1,1,1,1,1,-1,0,-1,1,1,0,1,1,1,1,-1,-1,0,-1,1,1,1,1
UCI327-03264,1,1,1,1,1,1,-1,1,1,1,1,1,1,0,0,-1,1,1,0,1,1,1,1,1,-1,1,-1,-1,1,1,1
UCI327-01896,1,1,1,1,1,1,-1,1,-1,-1,-1,1,-1,-1,0,-1,-1,1,0,1,1,-1,1,-1,-1,-1,-1,-1,0,-1,1
UCI327-03148,1,1,1,1,1,1,-1,1,-1,1,1,1,-1,-1,1,-1,1,1,0,1,1,1,1,-1,-1,-1,-1,1,1,-1,1
UCI327-01125,1,1,-1,1,-1,1,0,1,-1,1,1,-1,1,-1,1,1,1,-1,1,1,1,1,1,1,-1,1,-1,1,1,1,1
UCI327-08842,1,1,1,1,1,1,0,1,-1,1,1,1,1,-1,-1,-1,1,1,0,1,1,1,1,1,1,1,-1,1,1,1,1
UCI327-09273,1,1,1,1,1,1,0,1,1,1,1,1,1,0,-1,-1,1,1,0,1,1,1,1,1,1,1,-1,1,1,1,1
UCI327-07086,1,1,1,1,1,1,0,1,1,1,1,1,-1,-1,0,0,1,1,0,1,1,1,1,-1,1,-1,1,1,1,1,1
UCI327-02512,1,1,-1,1,1,1,1,1,-1,1,1,1,1,0,-1,-1,1,1,0,1,1,1,1,1,-1,-1,-1,1,1,1,1
UCI327-07410,1,1,1,1,1,1,0,1,1,1,1,1,1,-1,0,-1,1,1,0,1,1,1,1,-1,1,0,1,1,0,1,1
UCI327-00311,1,1,1,1,1,1,0,1,-1,-1,1,1,1,-1,0,-1,1,1,0,-1,1,-1,1,1,1,0,-1,1,0,1,1
UCI327-10279,1,1,1,1,1,1,-1,1,-1,1,1,1,1,-1,0,-1,1,1,0,1,1,1,1,1,1,1,1,-1,0,-1,1
UCI327-06321,1,1,-1,1,-1,1,0,1,-1,-1,1,-1,1,-1,-1,-1,1,1,0,-1,1,-1,1,-1,-1,1,1,-1,-1,1,1
UCI327-10512,1,1,1,1,1,1,0,1,-1,1,1,1,-1,0,1,-1,1,-1,0,-1,1,-1,1,1,1,1,-1,-1,-1,-1,1
UCI327-02550,1,1,1,1,1,1,0,1,-1,1,1,1,-1,-1,1,-1,1,1,0,1,1,1,1,1,1,0,-1,1,0,1,1
UCI327-06889,1,1,1,1,1,1,0,1,-1,1,1,1,1,-1,0,-1,1,1,0,1,1,1,1,-1,1,-1,-1,1,0,-1,1
UCI327-05283,1,1,1,1,1,1,1,1,-1,1,1,1,1,0,0,-1,1,1,0,1,1,1,1,-1,1,0,1,1,1,1,1
UCI327-01981,1,1,1,1,1,1,-1,1,-1,1,1,1,-1,0,-1,-1,1,1,0,1,1,1,1,-1,-1,1,-1,1,0,1,1
UCI327-00105,1,1,1,1,1,1,-1,1,-1,1,1,1,-1,0,0,-1,1,1,0,1,1,1,1,-1,1,0,-1,-1,0,1,1
UCI327-08753,1,1,1,1,1,1,1,1,1,1,1,-1,-1,0,-1,-1,1,1,0,1,1,1,1,1,1,1,-1,1,-1,1,1
UCI327-05534,1,1,1,1,1,1,0,1,-1,1,1,1,1,0,-1,0,1,1,0,1,1,1,1,-1,1,0,-1,1,0,1,1
UCI327-08538,1,1,1,1,-1,1,-1,1,1,1,1,1,-1,-1,0,0,1,1,0,1,1,1,1,1,1,1,-1,1,0,1,1
UCI327-07784,1,1,-1,1,1,1,0,1,-1,1,1,1,1,-1,-1,-1,-1,-1,1,1,1,1,1,-1,1,-1,1,1,0,1,1
UCI327-05538,1,1,1,1,1,1,0,1,1,1,1,1,-1,0,-1,-1,1,1,0,1,1,1,1,-1,1,0,1,1,0,-1,1
UCI327-02614,1,1,1,1,1,1,-1,1,-1,1,1,1,1,-1,0,-1,1,1,0,1,1,1,1,1,-1,0,-1,1,1,1,1
UCI327-06126,1,1,1,1,1,1,0,1,-1,1,1,1,1,-1,-1,-1,1,1,0,1,1,1,1,-1,1,-1,-1,1,0,1,1
UCI327-10720,1,1,-1,1,-1,1,-1,1,1,1,1,-1,-1,-1,1,-1,1,-1,1,1,1,1,1,-1,-1,1,-1,-1,0,1,1
UCI327-07426,1,1,1,1,1,1,0,1,-1,1,1,1,1,-1,1,-1,1,1,0,1,1,1,1,-1,1,-1,1,1,1,1,1
UCI327-03425,1,1,1,1,1,1,-1,1,1,1,1,1,1,0,-1,-1,1,1,0,1,1,1,1,-1,1,0,-1,1,0,1,1
UCI327-08597,1,1,1,1,1,1,-1,1,-1,1,1,1,1,-1,1,-1,1,1,0,1,1,1,1,1,1,1,-1,1,1,1,1
UCI327-02998,1,1,1,1,1,1,0,1,1,1,1,1,-1,-1,0,-1,1,1,0,1,1,1,1,-1,-1,-1,-1,1,0,-1,1
UCI327-09200,1,1,1,1,1,1,0,1,-1,-1,-1,1,1,-1,0,-1,-1,1,0,1,1,1,1,1,1,1,1,1,1,1,1
UCI327-05338,1,1,1,1,1,1,0,1,-1,1,1,1,-1,-1,0,-1,1,1,0,1,1,1,1,-1,1,-1,1,1,0,-1,1
UCI327-01193,1,1,1,1,1,1,-1,1,1,1,1,1,-1,-1,0,-1,1,1,0,1,1,1,1,-1,-1,0,-1,-1,0,1,1
UCI327-02572,1,1,-1,1,-1,1,0,1,-1,-1,-1,-1,-1,-1,1,-1,-1,-1,0,1,1,-1,-1,-1,-1,1,-1,1,1,-1,1
UCI327-01588,1,1,1,1,1,1,-1,1,1,1,1,1,1,-1,-1,-1,1,1,0,1,1,1,1,-1,1,-1,-1,-1,0,1,1
UCI327-01220,1,1,1,1,1,1,0,1,-1,1,1,1,-1,-1,0,-1,1,1,0,1,1,1,1,1,1,0,-1,1,0,1,1
UCI327-01065,1,1,1,1,1,1,0,1,1,1,1,1,-1,-1,-1,-1,1,1,0,1,1,1,1,-1,1,0,-1,1,0,1,1
UCI327-07358,1,1,1,1,-1,1,0,1,-1,1,1,1,1,0,0,-1,-1,1,1,1,1,1,1,-1,1,0,1,-1,0,1,1
UCI327-09724,1,1,1,1,1,1,0,1,-1,1,1,1,1,-1,-1,-1,1,1,0,1,1,1,1,1,1,0,1,1,0,1,1
UCI327-05546,1,1,1,1,1,1,1,1,1,1,1,1,-1,0,-1,-1,1,1,0,1,1,1,1,-1,1,-1,-1,1,0,-1,1
UCI327-01392,1,1,1,1,1,1,0,1,1,-1,1,-1,-1,-1,0,-1,1,1,0,-1,1,-1,1,1,-1,-1,-1,1,1,1,1
UCI327-00953,1,1,1,1,1,1,-1,1,-1,1,1,1,1,-1,0,1,1,1,0,1,1,1,1,-1,-1,-1,-1,1,0,1,1
UCI327-08855,1,1,1,1,1,1,1,1,-1,1,1,1,1,-1,-1,-1,1,1,0,1,1,1,1,1,1,0,-1,1,1,1,1
UCI327-01240,1,1,-1,1,-1,1,0,1,1,1,1,-1,-1,-1,1,-1,1,1,0,-1,1,-1,1,1,-1,-1,-1,-1,0,1,1
UCI327-10216,1,1,1,1,1,1,1,1,-1,-1,-1,1,1,-1,0,-1,-1,1,0,1,1,-1,1,-1,1,1,1,-1,1,1,1
UCI327-05660,1,1,1,1,1,1,0,1,-1,1,1,1,-1,0,-1,-1,1,1,1,1,1,1,1,-1,1,-1,1,1,0,1,1
UCI327-00549,1,1,1,1,1,1,0,1,-1,1,1,1,1,-1,0,-1,1,1,0,1,1,1,1,1,1,0,-1,1,0,1,1
UCI327-09666,1,1,1,1,1,1,1,1,-1,1,1,1,1,-1,0,-1,1,1,0,1,1,1,1,1,1,-1,-1,-1,0,1,1
UCI327-00319,1,1,1,1,1,1,0,1,1,1,1,1,1,0,-1,-1,1,1,0,1,1,1,1,-1,-1,1,-1,1,0,1,1
UCI327-01583,1,1,1,1,1,1,1,1,-1,-1,-1,1,1,0,1,-1,-1,1,0,1,1,-1,1,1,-1,0,-1,-1,1,1,1
UCI327-05825,1,1,1,1,1,1,0,1,1,1,1,1,-1,-1,-1,0,1,1,0,1,1,1,1,-1,1,-1,-1,1,1,1,1
UCI327-05243,1,1,1,1,1,1,0,1,1,1,1,1,1,1,-1,-1,1,1,0,1,1,1,1,-1,1,-1,1,1,1,-1,1
UCI327-06054,1,1,1,1,1,1,0,1,-1,-1,-1,1,1,-1,0,-1,-1,1,0,-1,1,-1,-1,-1,1,0,1,1,1,1,1
UCI327-05852,1,1,1,1,1,1,0,1,1,1,1,1,-1,-1,0,-1,1,1,0,1,1,1,1,-1,1,-1,1,1,1,-1,1
UCI327-07082,1,1,1,1,1,1,1,1,-1,1,1,1,1,0,-1,-1,1,1,0,1,1,1,1,-1,1,0,1,1,0,1,1
UCI327-05591,1,1,1,1,1,1,0,1,-1,1,1,1,-1,0,-1,-1,1,1,1,1,1,1,1,-1,1,0,1,1,0,-1,1
UCI327-01477,1,1,1,1,1,1,-1,1,1,1,1,1,-1,0,0,-1,1,1,0,1,1,1,1,-1,-1,1,-1,-1,0,1,1
UCI327-02096,1,1,1,1,1,1,0,1,-1,1,1,1,1,0,0,-1,1,1,0,1,1,1,1,1,1,-1,-1,1,0,1,1
UCI327-07349,1,1,-1,1,-1,1,0,1,1,-1,-1,-1,-1,-1,1,-1,-1,-1,1,-1,1,-1,-1,-1,-1,-1,-1,-1,1,1,1
UCI327-00624,1,1,1,1,1,1,0,1,-1,-1,-1,1,1,-1,0,1,-1,1,0,1,1,1,1,1,-1,0,-1,1,1,-1,1
UCI327-00109,1,1,1,1,1,1,-1,1,1,1,1,1,-1,1,-1,-1,1,1,0,1,1,1,1,-1,1,-1,-1,1,1,1,1
UCI327-01404,1,1,1,1,1,1,-1,1,1,1,1,1,-1,0,1,-1,1,1,0,1,1,1,1,1,-1,1,-1,-1,1,1,1
UCI327-09607,1,1,1,1,1,1,-1,1,1,1,1,1,-1,-1,-1,-1,1,1,0,1,1,1,1,1,1,1,-1,1,0,1,1
UCI327-06132,1,1,1,1,1,1,0,1,-1,1,1,1,-1,-1,-1,-1,1,1,0,1,1,1,1,-1,1,-1,1,1,0,-1,1
UCI327-05129,1,1,1,1,-1,1,0,1,-1,1,-1,1,-1,1,-1,-1,-1,1,1,1,1,1,-1,-1,1,-1,1,1,-1,-1,1
UCI327-09183,1,1,1,1,1,1,-1,1,1,1,1,-1,-1,-1,-1,-1,1,1,0,1,1,1,1,1,1,1,-1,1,1,1,1
UCI327-00278,1,1,1,1,1,1,-1,1,1,1,1,1,-1,1,-1,-1,1,1,0,1,1,1,1,-1,-1,-1,-1,1,1,1,1
UCI327-05751,1,1,1,1,1,1,-1,1,-1,1,1,1,1,-1,-1,-1,1,1,0,1,1,1,1,-1,1,0,1,1,0,1,1
UCI327-03079,1,1,1,1,1,1,0,1,-1,1,1,1,1,0,0,-1,1,1,0,1,1,1,1,-1,1,1,-1,1,0,-1,1
UCI327-02154,1,1,1,1,1,1,-1,1,1,1,1,1,-1,0,-1,-1,1,1,0,1,1,1,1,1,-1,0,-1,1,1,1,1
UCI327-00650,1,1,1,1,1,1,0,1,1,1,1,1,-1,0,0,-1,1,1,0,1,1,1,1,1,1,-1,-1,1,0,1,1
UCI327-09512,1,1,1,1,1,1,-1,1,-1,1,1,1,-1,-1,0,0,1,1,0,1,1,1,1,1,1,1,-1,1,0,1,1
UCI327-08819,1,1,1,1,1,1,1,1,1,-1,-1,1,1,-1,1,-1,-1,1,0,1,1,-1,1,1,1,0,-1,1,1,1,1
UCI327-00728,1,1,1,1,1,1,-1,1,-1,1,1,1,1,-1,-1,-1,1,1,0,1,1,1,1,-1,1,1,-1,1,0,1,1
UCI327-08871,1,1,1,1,1,1,-1,1,1,1,1,1,-1,-1,0,-1,1,1,0,1,1,1,1,1,1,1,-1,1,1,-1,1
UCI327-06374,1,1,1,1,1,1,-1,1,-1,-1,1,1,-1,-1,-1,-1,1,1,0,1,1,-1,1,-1,1,1,1,1,1,-1,1
UCI327-01254,1,1,1,1,1,1,0,1,1,1,1,-1,-1,-1,-1,-1,-1,-1,0,1,1,1,1,1,-1,0,-1,1,-1,-1,1
UCI327-05281,1,1,1,1,1,1,0,1,-1,-1,-1,-1,-1,-1,-1,-1,-1,1,0,-1,1,-1,-1,-1,1,-1,1,1,0,1,1
UCI327-09826,1,1,1,1,1,1,-1,1,-1,1,1,1,-1,-1,0,-1,1,1,0,1,1,1,1,1,1,0,-1,1,0,1,1
UCI327-00421,1,1,1,1,1,1,-1,1,1,1,1,1,-1,-1,-1,-1,1,1,0,1,1,1,1,-1,-1,-1,-1,1,0,1,1
UCI327-01291,1,1,1,1,1,1,-1,1,-1,-1,1,1,-1,0,-1,-1,1,1,0,-1,1,-1,-1,-1,1,1,-1,1,-1,1,1
UCI327-08809,1,1,1,1,1,1,1,1,1,1,1,1,-1,0,-1,-1,1,1,0,1,1,1,1,1,1,1,-1,1,0,1,1
UCI327-09856,1,1,1,1,1,1,1,1,1,1,1,1,-1,-1,-1,0,1,1,0,1,1,1,1,-1,1,0,-1,1,0,1,1
UCI327-01954,1,1,1,1,1,1,0,1,1,1,1,1,-1,-1,0,-1,1,1,0,1,1,1,1,1,1,1,-1,1,0,1,1
UCI327-07206,1,1,1,1,1,1,-1,1,-1,1,1,1,1,-1,0,-1,1,1,0,1,1,1,1,-1,1,-1,-1,1,-1,1,1
UCI327-06678,1,1,1,1,1,1,1,1,1,1,1,1,-1,-1,0,1,1,1,0,1,1,1,1,-1,1,-1,-1,1,1,1,1
UCI327-05786,1,1,1,1,1,1,-1,1,1,1,1,1,-1,-1,0,-1,1,1,1,1,1,1,1,-1,1,1,1,1,0,1,1
UCI327-08729,1,1,1,1,1,1,1,1,-1,1,1,1,1,-1,1,-1,1,1,0,1,1,1,1,1,1,0,-1,-1,0,1,1
UCI327-08785,1,1,1,1,1,1,-1,1,-1,1,1,1,1,-1,1,-1,1,1,0,1,1,1,1,1,1,0,-1,1,1,1,1
UCI327-08481,1,1,1,1,1,1,0,1,-1,1,1,1,1,0,-1,-1,1,1,0,1,1,1,1,1,1,-1,-1,1,0,1,1
UCI327-00735,1,1,-1,1,-1,1,0,1,-1,-1,-1,-1,-1,-1,1,-1,-1,-1,1,-1,1,-1,1,1,-1,-1,-1,1,1,-1,1
UCI327-00107,1,1,1,1,1,1,1,1,-1,1,1,1,-1,-1,0,-1,-1,1,0,1,1,1,1,-1,1,-1,-1,1,0,1,1
UCI327-00467,1,1,1,1,1,1,0,1,-1,1,1,1,1,-1,0,-1,1,1,0,1,1,1,1,-1,-1,-1,-1,1,1,1,1
UCI327-10414,1,1,-1,1,-1,1,1,1,-1,-1,-1,-1,1,-1,1,-1,-1,-1,1,-1,-1,-1,-1,-1,-1,0,-1,1,1,1,1
UCI327-02403,1,1,1,1,1,1,0,1,-1,1,1,1,1,-1,1,-1,1,1,0,1,1,1,1,-1,1,1,-1,1,0,1,1
UCI327-08499,1,1,1,1,1,1,0,1,1,1,1,1,-1,0,-1,-1,1,1,0,1,1,1,1,1,1,-1,-1,-1,0,1,1
UCI327-10435,1,1,1,1,1,1,-1,1,1,1,1,1,1,-1,-1,-1,1,1,0,1,1,1,1,1,1,0,-1,1,1,1,1
UCI327-10696,1,1,1,1,1,1,0,1,1,-1,-1,1,-1,-1,-1,-1,-1,1,0,-1,-1,-1,-1,1,1,1,-1,1,0,1,1
UCI327-07942,1,1,1,1,1,1,0,1,-1,-1,-1,1,1,0,-1,-1,-1,1,0,1,1,-1,1,-1,1,0,-1,1,0,-1,1
UCI327-01011,1,1,1,1,1,1,-1,1,-1,1,1,1,1,0,-1,-1,1,1,0,1,1,1,1,-1,-1,0,-1,-1,0,1,1
UCI327-06095,1,1,1,1,1,1,0,1,1,1,1,1,1,0,-1,-1,1,1,0,1,1,1,1,-1,1,0,1,1,0,1,1
UCI327-06502,1,1,1,1,1,1,1,1,-1,-1,-1,1,-1,-1,-1,-1,-1,1,0,-1,-1,-1,-1,-1,1,1,-1,1,1,1,1
UCI327-05677,1,1,1,1,1,1,0,1,-1,1,1,1,1,0,-1,-1,1,1,0,1,1,1,1,-1,1,-1,1,1,0,1,1
UCI327-00129,1,1,1,1,-1,1,-1,1,-1,1,1,1,-1,0,-1,-1,1,1,1,1,1,1,1,-1,-1,1,-1,1,0,1,1
UCI327-01110,1,1,-1,1,-1,1,0,1,-1,-1,-1,-1,1,-1,1,1,-1,-1,1,-1,-1,-1,-1,-1,-1,-1,-1,1,1,-1,1
UCI327-03186,1,1,1,1,1,1,-1,1,-1,1,1,1,1,-1,-1,1,1,1,0,1,1,1,1,-1,-1,0,-1,-1,0,-1,1
UCI327-06968,1,1,1,1,1,1,0,1,1,1,1,1,-1,0,0,0,1,1,1,1,1,1,1,-1,1,-1,1,1,0,1,1
UCI327-01432,1,1,1,1,1,1,-1,1,1,1,1,1,1,0,-1,-1,1,1,0,1,1,1,1,-1,-1,1,-1,-1,0,1,1
UCI327-05989,1,1,1,1,1,1,0,1,-1,1,1,1,-1,0,-1,-1,1,1,0,1,1,1,1,-1,1,1,1,1,0,1,1
